name,category,score,tier,languages,size_mb
deer-flow,Uncategorized,116,A,"Python",5.3
litellm,LLM APIs & Backends,116,A,"Python;JS/TS",242.3
nautilus_trader,Trading Bots & Crypto,116,A,"Python;Rust",103.1
open-webui,LLM APIs & Backends,116,A,"Python;JS/TS",96.7
bolt.diy,AI Applications,113,A,"JS/TS",4.4
ccxt,Uncategorized,113,A,"Python;JS/TS;HTML;PHP",229.2
eliza,AI Frameworks & Agents,113,A,"JS/TS",27.9
linkwarden,Knowledge Management,113,A,"JS/TS",10.4
openrouter-ai-ecosystem,LLM APIs & Backends,113,A,"Python;HTML",65.6
profile-detective-seeker,Automation & Workflow,113,A,"JS/TS;HTML",1.6
gemini-cli,Developer Tools,111,A,"JS/TS",5.2
local-operator,Local & Self-Hosted AI,111,A,"Python",80.3
Flowise,Uncategorized,108,A,"JS/TS",37.8
Roo-Code,Uncategorized,108,A,"JS/TS",8.5
accomplish,Uncategorized,108,A,"JS/TS",14.3
aider,Uncategorized,108,A,"Python",74.3
browser-use,Uncategorized,108,A,"Python",4.1
cherry-studio,Uncategorized,108,A,"JS/TS",28.6
claude-code-complete-backup,Developer Tools,108,A,"Python;HTML",63.6
claude-task-master,Uncategorized,108,A,"JS/TS",8.0
crawlee,Web Scraping & Crawling,108,A,"JS/TS",100.0
crypto-ai-nexus-dashboard,Trading Bots & Crypto,108,A,"JS/TS;HTML",1.6
deepwiki-open,Knowledge Management,108,A,"Python;JS/TS",4.1
hermes-agent,Uncategorized,108,A,"Python;JS/TS",23.8
inferno-project-pulse-forge,AI App Builders & No-Code,108,A,"JS/TS;HTML",1.0
n8n,Automation & Workflow,108,A,"JS/TS",62.1
pipedream,Automation & Workflow,108,A,"JS/TS",336.4
prompts.chat,Prompt Engineering,108,A,"JS/TS",127.8
Qwen,Uncategorized,103,A,"Python",18.5
ai-deals-oasis,Uncategorized,103,A,"JS/TS;HTML",1.2
crypto-beacon-fusion-hub,Trading Bots & Crypto,103,A,"JS/TS;HTML",4.1
crypto-beacon-trader-hub-11,Trading Bots & Crypto,103,A,"JS/TS;HTML",3.3
crypto-dream-trade-sim-11,Trading Bots & Crypto,103,A,"JS/TS;HTML",3.6
dyad,AI App Builders & No-Code,103,A,"JS/TS;HTML",2.9
fusion-trading-vision,Trading Bots & Crypto,103,A,"JS/TS;HTML",3.7
git-mcp,MCP Servers,103,A,"JS/TS",80.2
lovestruck-crypto-nexus,Trading Bots & Crypto,103,A,"JS/TS;HTML",2.2
mcp-use,MCP Servers,103,A,"Python",6.4
muse-master-dashboard,Social Media Tools,103,A,"JS/TS;HTML",1.1
playwright-mcp,MCP Servers,103,A,"JS/TS",0.6
omnara,Uncategorized,101,A,"Python",46.6
aether-flow-orchestrator,AI App Builders & No-Code,98,A,"JS/TS;HTML",0.9
agenticSeek,Uncategorized,98,A,"Python",9.2
ai-insight-hub,AI App Builders & No-Code,98,A,"JS/TS;HTML",1.2
ai-keykeeper,AI App Builders & No-Code,98,A,"JS/TS;HTML",1.2
ai-pulse-dashboard-72,AI App Builders & No-Code,98,A,"JS/TS;HTML",1.4
bot-trading-maestro,Trading Bots & Crypto,98,A,"JS/TS;HTML",1.0
cloud-companion,Monetization & Business,98,A,"JS/TS;HTML",1.2
code-archaeologist-ai-forge,Developer Tools,98,A,"JS/TS;HTML",0.9
cogno-control-center,AI App Builders & No-Code,98,A,"JS/TS;HTML",1.0
crypto-all-in-one,Trading Bots & Crypto,98,A,"JS/TS;HTML",1.1
crypto-forge-master,Trading Bots & Crypto,98,A,"JS/TS;HTML",1.4
crypto-fusion-genesis,Trading Bots & Crypto,98,A,"JS/TS;HTML",1.4
crypto-fusion-quest,Trading Bots & Crypto,98,A,"JS/TS;HTML",0.8
crypto-nexus-automator,Trading Bots & Crypto,98,A,"JS/TS;HTML",1.2
dev-plan-nexus,Developer Tools,98,A,"JS/TS;HTML",0.9
evermind-enterprise-ai,AI App Builders & No-Code,98,A,"JS/TS;HTML",0.8
freebie-ai-optimiser,Monetization & Business,98,A,"JS/TS;HTML",1.4
goose,AI Frameworks & Agents,98,A,"Rust",69.8
idea-ace-showdown-wins,Uncategorized,98,A,"JS/TS;HTML",0.9
idea-fusion-alchemy,AI App Builders & No-Code,98,A,"JS/TS;HTML",0.9
insight-engine-buddy,Analytics & Insights,98,A,"JS/TS;HTML",0.8
ladybird,Uncategorized,98,A,"Python",74.9
lovable-project-merger,AI App Builders & No-Code,98,A,"JS/TS;HTML",0.9
metamcp,Uncategorized,98,A,"JS/TS",2.5
moon-dev-ai-agents,Uncategorized,98,A,"Python",257.8
nifty-quest-ai,Uncategorized,98,A,"JS/TS;HTML",1.1
note-scribe-echo,Knowledge Management,98,A,"JS/TS;HTML",0.9
omni-ai-enterprise-bot,AI App Builders & No-Code,98,A,"JS/TS;HTML",0.7
plandex,Developer Tools,98,A,"Unknown",30.8
promethus-ai-toolkit,AI App Builders & No-Code,98,A,"JS/TS;HTML",2.0
remote-agentic-coding-system,AI Frameworks & Agents,98,A,"JS/TS",1.0
repo-rite,AI App Builders & No-Code,98,A,"JS/TS;HTML",1.4
repo-wizard-supreme,Uncategorized,98,A,"JS/TS;HTML",2.8
scrapy,Web Scraping & Crawling,98,A,"Python",4.3
wifi-3d-fusion,Uncategorized,96,A,"Python",201.7
ai,Uncategorized,95,A,"JS/TS",7.6
Archon,Uncategorized,93,A,"Unknown",10.2
ClaraVerse,Uncategorized,93,A,"JS/TS;HTML",63.8
Open-lovable-DIY,AI App Builders & No-Code,93,A,"JS/TS",0.9
PydanticAI-Research-Agent,AI Research,93,A,"Python",0.4
ai-command-center-nexus-22,Dashboards & Admin Panels,93,A,"JS/TS;HTML",1.7
chat-spark-organizer,Chatbots & Conversational AI,93,A,"JS/TS;HTML",1.5
claude-conductor,LLM APIs & Backends,93,A,"JS/TS",0.6
claudia,Uncategorized,93,A,"JS/TS;HTML",2.3
crypto-woods-alpha,Trading Bots & Crypto,93,A,"JS/TS;HTML",1.4
fastapi_mcp,MCP Servers,93,A,"Python",0.6
firecrawl,Web Scraping & Crawling,93,A,"Unknown",29.7
fusion-trading-vision-38,Trading Bots & Crypto,93,A,"JS/TS;HTML",2.5
learn-typescript-from-python,Education & Tutorials,93,A,"JS/TS",43.9
local-ai-deployer,Local & Self-Hosted AI,93,A,"JS/TS;HTML",1.1
multi-key-mind,AI App Builders & No-Code,93,A,"JS/TS;HTML",1.1
no-code-architects-toolkit,AI App Builders & No-Code,93,A,"Python",84.4
opstart-glimpse-demo,Uncategorized,93,A,"JS/TS;HTML",0.9
quad-view-grid,Uncategorized,93,A,"JS/TS;HTML",0.8
servers,MCP Servers,93,A,"JS/TS",1.0
supabase-mcp,MCP Servers,93,A,"JS/TS",0.7
woodsai69rme_fusion-trading-vision,Trading Bots & Crypto,93,A,"JS/TS;HTML",3.7
woodsai69rme_lovestruck-crypto-nexus,Trading Bots & Crypto,93,A,"JS/TS;HTML",2.2
woodsai69rme_zeroone-private-nexus,Security & Privacy,93,A,"JS/TS;HTML",3.3
agentive-ai-discovery-board,AI App Builders & No-Code,88,A,"JS/TS;HTML",1.5
ai-pulse-nexus-ticker,AI App Builders & No-Code,88,A,"JS/TS;HTML",0.8
alpha-ai-trade-hub,Trading Bots & Crypto,88,A,"JS/TS;HTML",2.2
chat-organizer-ultimate,Chatbots & Conversational AI,88,A,"JS/TS;HTML",1.3
chat-whisperer-ai-organizer,Chatbots & Conversational AI,88,A,"JS/TS;HTML",1.7
create-volo-app,AI App Builders & No-Code,88,A,"JS/TS",6.4
crypto-beacon-trader-hub,Trading Bots & Crypto,88,A,"JS/TS;HTML",2.4
crypto-dream-trade-sim,Trading Bots & Crypto,88,A,"JS/TS;HTML",2.0
crypto-dream-trade-sim-18,Trading Bots & Crypto,88,A,"JS/TS;HTML",2.9
crypto-nexus-fusion-07,Trading Bots & Crypto,88,A,"JS/TS;HTML",3.4
crypto-vision-suite,Trading Bots & Crypto,88,A,"JS/TS;HTML",2.0
lovable-complex-creator,AI App Builders & No-Code,88,A,"JS/TS;HTML",1.4
marvel-ai-trading-hub-14,Trading Bots & Crypto,88,A,"JS/TS;HTML",2.3
open-lovable,AI App Builders & No-Code,88,A,"JS/TS",0.9
ottomator-agents,Education & Tutorials,88,A,"Unknown",58.3
woodsai69rme_evermind-enterprise-ai,AI App Builders & No-Code,88,A,"JS/TS;HTML",0.8
woodsai69rme_freebie-ai-optimiser,Uncategorized,88,A,"JS/TS;HTML",1.4
woodsai69rme_idea-ace-showdown-wins,Uncategorized,88,A,"JS/TS;HTML",0.9
woodsai69rme_idea-fusion-alchemy,AI App Builders & No-Code,88,A,"JS/TS;HTML",0.9
woodsai69rme_inferno-project-pulse-forge,AI App Builders & No-Code,88,A,"JS/TS;HTML",1.0
woodsai69rme_insight-engine-buddy,AI App Builders & No-Code,88,A,"JS/TS;HTML",0.8
woodsai69rme_lovable-project-merger,AI App Builders & No-Code,88,A,"JS/TS;HTML",0.9
woodsai69rme_love-bolt-clone-magic,AI App Builders & No-Code,88,A,"JS/TS;HTML",1.2
woodsai69rme_nifty-quest-ai,Uncategorized,88,A,"JS/TS;HTML",1.1
woodsai69rme_note-scribe-echo,AI App Builders & No-Code,88,A,"JS/TS;HTML",0.9
woodsai69rme_omni-ai-enterprise-bot,AI App Builders & No-Code,88,A,"JS/TS;HTML",0.7
woodsai69rme_profile-detective-seeker,Uncategorized,88,A,"JS/TS;HTML",1.3
woodsai69rme_replit-ready,Uncategorized,88,A,"JS/TS;HTML",1.1
woodsai69rme_repo-wizard-forge,Analytics & Insights,88,A,"JS/TS;HTML",1.8
woodsai69rme_smart-ai-buddy,AI App Builders & No-Code,88,A,"JS/TS;HTML",1.3
woodsai69rme_spare-change-futures,AI App Builders & No-Code,88,A,"JS/TS;HTML",0.7
woodsai69rme_super-woods-coach-ai,AI App Builders & No-Code,88,A,"JS/TS;HTML",1.0
woodsai69rme_super-woods-fire-forge,Healthcare & Fitness,88,A,"JS/TS;HTML",1.5
woodsai69rme_trading-fusion-vision,AI App Builders & No-Code,88,A,"JS/TS;HTML",1.0
woodsai69rme_trading-strategy-nexus,AI App Builders & No-Code,88,A,"JS/TS;HTML",1.2
woodsai69rme_traffic-circle-social-boost,Social Media Tools,88,A,"JS/TS;HTML",1.5
BMAD-METHOD,Uncategorized,83,A,"JS/TS",6.0
ai-business-platform,Uncategorized,83,A,"Python",178.8
aiwriting,Social Media Tools,83,A,"JS/TS;HTML",1.2
artspark-nft-haven,Uncategorized,83,A,"JS/TS;HTML",0.9
chatty-app-factory,Chatbots & Conversational AI,83,A,"JS/TS;HTML",1.2
claude-openrouter-enterprise-system,LLM APIs & Backends,83,A,"Python;JS/TS",1.0
code-archaeologist-ai-explorer,Developer Tools,83,A,"JS/TS;HTML",1.2
context7,MCP Servers,83,A,"JS/TS",0.2
crypto-woods-trader-sim,Trading Bots & Crypto,83,A,"JS/TS;HTML",1.1
design-source-hub,Automation & Workflow,83,A,"JS/TS;HTML",1.3
idealaunch-hub,Project Management,83,A,"JS/TS;HTML",1.5
keno-oracle-elite-picks,Trading Bots & Crypto,83,A,"JS/TS;HTML",1.1
lovable-fusion-spark,Trading Bots & Crypto,83,A,"JS/TS;HTML",1.4
lovable-view-hub-nexus,Project Management,83,A,"JS/TS;HTML",1.3
moon-dev-ai-agents-for-trading,Trading Bots & Crypto,83,A,"Python",426.8
scrape-automator-wizard,Web Scraping & Crawling,83,A,"JS/TS;HTML",1.8
traffic-roundabout-boost,Social Media Tools,83,A,"JS/TS;HTML",1.7
woodsai69rme_fusion-trading-vision-38,Trading Bots & Crypto,83,A,"JS/TS;HTML",2.5
woodsai69rme_local-ai-deployer,Local & Self-Hosted AI,83,A,"JS/TS;HTML",1.1
woodsai69rme_lovely-web-clone,Uncategorized,83,A,"JS/TS;HTML",1.5
woodsai69rme_opstart-glimpse-demo,Uncategorized,83,A,"JS/TS;HTML",0.9
OpenDeepWiki,Uncategorized,81,A,"Unknown",17.9
aussie-metal-mayhem-motors,Uncategorized,78,A,"JS/TS;HTML",5.0
awesome-cli,Uncategorized,78,A,"Go",0.4
awesome-n8n-templates,Automation & Workflow,78,A,"Unknown",5.2
bot-trading-alpha-hub,Trading Bots & Crypto,78,A,"JS/TS;HTML",2.1
chat-saga-sorter,AI App Builders & No-Code,78,A,"JS/TS;HTML",1.2
chat-saga-sorter-ad13c3d7,AI App Builders & No-Code,78,A,"JS/TS;HTML",1.2
claude-agent-forge,AI Frameworks & Agents,78,A,"JS/TS;HTML",1.1
cosmic-craft-core,Developer Tools,78,A,"JS/TS;HTML",1.2
crewAI-examples,AI Frameworks & Agents,78,A,"Unknown",23.8
crush,Uncategorized,78,A,"Go",3.4
crypto-flow-nexus-ai,Trading Bots & Crypto,78,A,"JS/TS;HTML",1.0
crypto-lovable-trader,Trading Bots & Crypto,78,A,"JS/TS;HTML",1.9
crypto-nexus-fusion,Trading Bots & Crypto,78,A,"JS/TS;HTML",2.6
crypto-woods-ulitmate-26,Trading Bots & Crypto,78,A,"JS/TS;HTML",3.5
cryptoai-trade-forge,Trading Bots & Crypto,78,A,"JS/TS;HTML",2.7
deepclaude,Developer Tools,78,A,"Rust",1.4
digital-trading-flow,Trading Bots & Crypto,78,A,"JS/TS;HTML",2.2
github-insights-hub,Security & Privacy,78,A,"JS/TS;HTML",1.8
love-bolt-clone-magic,AI App Builders & No-Code,78,A,"JS/TS;HTML",1.2
project-sage-haven,Project Management,78,A,"JS/TS;HTML",1.3
remote-access-tool,Security & Privacy,78,A,"JS/TS;HTML",7.7
repo-wizard-unleashed,Uncategorized,78,A,"JS/TS;HTML",2.4
super-coach-pro,Healthcare & Fitness,78,A,"JS/TS",0.3
woodsai69rme_marvel-ai-trading-hub-14,Trading Bots & Crypto,78,A,"JS/TS;HTML",2.3
woodsai69rme_quadro-view-nexus,Uncategorized,78,A,"JS/TS;HTML",1.8
woodsai69rme_strategy-flow-station,Uncategorized,78,A,"JS/TS;HTML",2.0
agent-nexus,AI App Builders & No-Code,73,A,"JS/TS;HTML",0.9
agent-orchestrator,AI App Builders & No-Code,73,A,"JS/TS;HTML",1.2
ai-browser-playground-hub,Uncategorized,73,A,"JS/TS;HTML",1.2
ai-command-center,AI App Builders & No-Code,73,A,"JS/TS;HTML",1.0
ai-dev-command,AI Applications,73,A,"JS/TS;HTML",1.1
ai-ecosystem-builder,AI App Builders & No-Code,73,A,"JS/TS;HTML",1.0
ai-knowledge-weaver,Chatbots & Conversational AI,73,A,"JS/TS;HTML",1.4
ai-money-maker-au,Monetization & Business,73,A,"JS/TS;HTML",1.1
ai-muse-studio,AI App Builders & No-Code,73,A,"JS/TS;HTML",1.2
ai-nexus-command-center,AI App Builders & No-Code,73,A,"JS/TS;HTML",1.2
ai-nexus-hub,AI App Builders & No-Code,73,A,"JS/TS;HTML",1.2
ai-s-global-hub,AI App Builders & No-Code,73,A,"JS/TS;HTML",0.9
ai-voice-agency,AI App Builders & No-Code,73,A,"JS/TS;HTML",1.1
alpha-ai-crypto-trader,Trading Bots & Crypto,73,A,"JS/TS;HTML",1.7
antique-vista-verify,AI App Builders & No-Code,73,A,"JS/TS;HTML",1.1
api-idea-genesis,AI App Builders & No-Code,73,A,"JS/TS;HTML",1.1
aussie-ai-agency,AI App Builders & No-Code,73,A,"JS/TS;HTML",1.2
canvas-royale-market,AI App Builders & No-Code,73,A,"JS/TS;HTML",1.1
claude-code-router,Developer Tools,73,A,"JS/TS",5.3
command-center-ai,Uncategorized,73,A,"JS/TS;HTML",1.2
craft-ai-stack,AI Applications,73,A,"JS/TS;HTML",1.0
craft-your-world-87,Uncategorized,73,A,"JS/TS;HTML",1.4
crypto-ai-tradeflow-nexus,Trading Bots & Crypto,73,A,"JS/TS;HTML",1.9
crypto-sim-alpha,Trading Bots & Crypto,73,A,"JS/TS;HTML",1.0
dream-trade-adventures-club,Trading Bots & Crypto,73,A,"JS/TS;HTML",1.8
engage-boost-social-reach,Social Media Tools,73,A,"JS/TS;HTML",1.6
find-your-funds,AI App Builders & No-Code,73,A,"JS/TS;HTML",0.9
firefox-fav-flow,Browser Tools & Extensions,73,A,"JS/TS;HTML",1.0
git-insight-hub,Developer Tools,73,A,"JS/TS;HTML",1.1
image-code-scholar,Image Processing & OCR,73,A,"JS/TS;HTML",0.8
lovely-web-clone,Uncategorized,73,A,"JS/TS;HTML",1.5
loving-crypto-insights,Trading Bots & Crypto,73,A,"JS/TS;HTML",1.2
mcp-crawl4ai-rag,MCP Servers,73,A,"Python",0.3
mind-weaver,AI App Builders & No-Code,73,A,"JS/TS;HTML",1.1
multi-agent-coding-environment,AI Frameworks & Agents,73,A,"Python",0.4
ndis-assistant-ai,Healthcare & Fitness,73,A,"JS/TS;HTML",1.3
newcrypto,Trading Bots & Crypto,73,A,"JS/TS;HTML",1.1
open-source-showcase,AI App Builders & No-Code,73,A,"JS/TS;HTML",1.4
openclaw-hub,AI App Builders & No-Code,73,A,"JS/TS;HTML",0.9
phantom-profit-platform,Trading Bots & Crypto,73,A,"JS/TS;HTML",1.1
prodev-accelerator,AI App Builders & No-Code,73,A,"JS/TS;HTML",1.0
project-hub,Project Management,73,A,"JS/TS;HTML",1.0
social-boost-circle,Social Media Tools,73,A,"JS/TS;HTML",1.9
spec-kit,Developer Tools,73,A,"Python",2.2
tab-time-automator,Browser Tools & Extensions,73,A,"JS/TS;HTML",1.0
the-lovable-dev-hub,AI App Builders & No-Code,73,A,"JS/TS;HTML",1.7
woodsai69rme_g-8461,Marketing & Sales,73,A,"JS/TS;HTML",2.3
woodsai69rme_keno-oracle-elite-picks,Trading Bots & Crypto,73,A,"JS/TS;HTML",1.1
woodsai69rme_lovable-fusion-spark,Trading Bots & Crypto,73,A,"JS/TS;HTML",1.4
woodsai69rme_lovebolt-zero-clone,AI App Builders & No-Code,73,A,"JS/TS;HTML",1.0
woodsai69rme_project-pal-dashboard-hub,AI App Builders & No-Code,73,A,"JS/TS;HTML",0.8
woodsai69rme_quad-view-browser-nexus,Dashboards & Admin Panels,73,A,"JS/TS;HTML",2.1
woodsai69rme_repo-valuation-hub,Uncategorized,73,A,"JS/TS;HTML",1.0
woodsai69rme_synapse-ai-curator,AI App Builders & No-Code,73,A,"JS/TS;HTML",0.8
woodsai69rme_ui-source-gatherer,Dashboards & Admin Panels,73,A,"JS/TS;HTML",1.2
woodsai69rme_web-quadrant-viewer,Dashboards & Admin Panels,73,A,"JS/TS;HTML",1.1
Code2Docs,AI Applications,68,A,"Unknown",0.2
JARVIS-Ecosystem,Uncategorized,68,A,"Python;HTML",0.4
WorldView,Uncategorized,68,A,"Unknown",65.6
agents,Uncategorized,68,A,"Unknown",0.1
ai-coder-hub,Dashboards & Admin Panels,68,A,"JS/TS;HTML",1.0
ai-coder-s-compass,Dashboards & Admin Panels,68,A,"JS/TS;HTML",1.1
ai-nexus-toolkit,Uncategorized,68,A,"JS/TS;HTML",1.2
ai-research-monitor,AI Research,68,A,"JS/TS",1.0
ai-resource-guardian,AI App Builders & No-Code,68,A,"JS/TS;HTML",1.7
ai-trial-tracker-pro,AI App Builders & No-Code,68,A,"JS/TS;HTML",0.8
art-echo-creator,AI Applications,68,A,"JS/TS;HTML",1.3
aussie-deals-hub,Uncategorized,68,A,"JS/TS;HTML",1.3
boltrndabout,Social Media Tools,68,A,"JS/TS;HTML",0.7
code-flow-oracle,Developer Tools,68,A,"JS/TS;HTML",1.2
codeguide,Developer Tools,68,A,"JS/TS",0.6
crypto-finder--miner,Trading Bots & Crypto,68,A,"JS/TS",1.1
fast-video-studio,Media & Video Tools,68,A,"JS/TS;HTML",0.9
keymaster-bot,AI App Builders & No-Code,68,A,"JS/TS;HTML",1.2
leaked-system-prompts,Prompt Engineering,68,A,"Unknown",12.8
lovable-ai-companion,AI App Builders & No-Code,68,A,"JS/TS;HTML",1.1
socialv0,Social Media Tools,68,A,"JS/TS",0.6
v0-clone,AI App Builders & No-Code,68,A,"JS/TS",2.3
volo-app,Developer Tools,68,A,"JS/TS",1.4
woodsai69rme_github-insights-hub,Security & Privacy,68,A,"JS/TS;HTML",1.7
woodsai69rme_project-nexus,Uncategorized,68,A,"JS/TS",1.2
openrouter-archon-unlimited-ai,LLM APIs & Backends,65,A,"Python;HTML",0.6
InstantCoder,Uncategorized,63,A,"JS/TS",3.3
Youtube-playlist-to-formatted-text,Uncategorized,63,A,"Python",1.5
ZerePy,Uncategorized,63,A,"Python",0.1
adk-rag-agent,Uncategorized,63,A,"Python",0.0
ai-empire-monitoring-suite,AI Frameworks & Agents,63,A,"Python",0.6
ai-gradio,Uncategorized,63,A,"Python",0.4
beat-clone,Uncategorized,63,A,"JS/TS;HTML",2.4
crypto-automa-pilot,Trading Bots & Crypto,63,A,"JS/TS;HTML",2.0
crypto-command-center-lovable,Trading Bots & Crypto,63,A,"JS/TS;HTML",1.7
cryptoai-tradeflow-nexus,Trading Bots & Crypto,63,A,"JS/TS;HTML",3.3
fusion-trading-vision-42,Trading Bots & Crypto,63,A,"JS/TS;HTML",2.6
local-ai-packaged,Local & Self-Hosted AI,63,A,"Python",4.1
lovable-evolved-fusion-core,Trading Bots & Crypto,63,A,"JS/TS;HTML",2.2
lovebolt-zero-clone,AI App Builders & No-Code,63,A,"JS/TS;HTML",1.0
marvel-ai-trading-hub-53,Trading Bots & Crypto,63,A,"JS/TS;HTML",2.0
onthereg-vscode-extension,Developer Tools,63,A,"JS/TS",0.0
project-genesis-ai,Project Management,63,A,"JS/TS;HTML",1.1
social-boost-circle-09963,Social Media Tools,63,A,"JS/TS;HTML",2.3
solana-trading-bot-v2,Trading Bots & Crypto,63,A,"JS/TS",0.7
superclaude,LLM APIs & Backends,63,A,"JS/TS",0.1
superclaudezz,Uncategorized,63,A,"JS/TS",0.1
vibelog,AI Frameworks & Agents,63,A,"Python",0.1
woodsai69rme_find-your-funds,AI App Builders & No-Code,63,A,"JS/TS;HTML",0.9
woodsai69rme_firefox-fav-flow,Browser Tools & Extensions,63,A,"JS/TS;HTML",1.0
woodsai69rme_mind-weaver,AI App Builders & No-Code,63,A,"JS/TS;HTML",1.1
woodsai69rme_ndis-assistant-ai,AI App Builders & No-Code,63,A,"JS/TS;HTML",1.2
woodsai69rme_newcrypto,Trading Bots & Crypto,63,A,"JS/TS;HTML",1.1
woodsai69rme_phantom-profit-platform,Trading Bots & Crypto,63,A,"JS/TS;HTML",1.1
woodsai69rme_project-brain-forge,Knowledge Management,63,A,"JS/TS;HTML",1.6
woodsai69rme_project-phoenix-rise,AI App Builders & No-Code,63,A,"JS/TS;HTML",1.1
woodsai69rme_prompt-playground,AI App Builders & No-Code,63,A,"JS/TS;HTML",1.4
woodsai69rme_scrape-smart-guide,AI App Builders & No-Code,63,A,"JS/TS;HTML",1.3
woodsai69rme_universal-mobile-unlock-suite,Uncategorized,63,A,"JS/TS",0.9
woodsai69rme_visionforge-studio,Uncategorized,63,A,"JS/TS;HTML",0.9
woodsai69rme_web-analyst-mirror,Analytics & Insights,63,A,"JS/TS;HTML",1.1
woodsai69rme_zeroone-autonomy-forge,AI App Builders & No-Code,63,A,"JS/TS;HTML",1.1
ai-dev-team,Uncategorized,60,A,"JS/TS;HTML",0.9
ai-music-director,Uncategorized,60,A,"JS/TS;HTML",1.2
ai-pulse-hub,Uncategorized,60,A,"JS/TS;HTML",0.9
aud-ai-saver,Empty/Low Quality,60,A,"JS/TS",1.1
aus-ai-ascend,Uncategorized,60,A,"JS/TS;HTML",1.0
auto-researcher-pro,Uncategorized,60,A,"JS/TS;HTML",0.9
chatsortold,Uncategorized,60,A,"JS/TS",1.0
crypto-navigator-ai,Trading Bots & Crypto,60,A,"JS/TS;HTML",1.4
gvie-launchpad,Uncategorized,60,A,"JS/TS;HTML",0.9
ndis-flow,Healthcare & Fitness,60,A,"JS/TS;HTML",1.2
socmedia,Social Media Tools,60,A,"JS/TS;HTML",0.7
vidmuse-studio,Uncategorized,60,A,"JS/TS;HTML",0.9
ai-browser-playground-nexus,AI Applications,58,A,"JS/TS;HTML",1.1
ai-command-center-nexus,Dashboards & Admin Panels,58,A,"JS/TS;HTML",1.3
ai-deal-seeker-pro,Uncategorized,58,A,"JS/TS;HTML",1.6
ai-deals-master,Trading Bots & Crypto,58,A,"JS/TS;HTML",1.4
ai-deals-nexus,AI App Builders & No-Code,58,A,"JS/TS;HTML",0.8
ai-dev-command-1,AI App Builders & No-Code,58,A,"JS/TS;HTML",1.7
ai-dev-command-41725,AI App Builders & No-Code,58,A,"JS/TS;HTML",1.1
ai-dev-flow-41,AI App Builders & No-Code,58,A,"JS/TS;HTML",0.8
ai-hub-command-center,AI App Builders & No-Code,58,A,"JS/TS;HTML",1.5
ai-navigator-hub,AI App Builders & No-Code,58,A,"JS/TS;HTML",1.2
ai-navigator-pro,AI App Builders & No-Code,58,A,"JS/TS;HTML",0.6
ai-nexus-command-center-13,Dashboards & Admin Panels,58,A,"JS/TS;HTML",1.1
ai-nexus-project-hub,Project Management,58,A,"JS/TS;HTML",0.9
ai-ops-nexus-hub,Analytics & Insights,58,A,"JS/TS;HTML",1.5
ai-phone-farm-platform,Uncategorized,58,A,"JS/TS",1.4
ai-pilot-house,AI App Builders & No-Code,58,A,"JS/TS;HTML",1.1
ai-pilot-station,AI App Builders & No-Code,58,A,"JS/TS;HTML",1.1
ai-pulse-dashboard,AI App Builders & No-Code,58,A,"JS/TS;HTML",1.4
ai-super-assistant-platform,Dashboards & Admin Panels,58,A,"Unknown",2.3
ai-synthesis-machine,AI App Builders & No-Code,58,A,"JS/TS;HTML",1.0
ai-tech-giga-dash,Analytics & Insights,58,A,"JS/TS;HTML",1.3
ai-text-stripper,AI App Builders & No-Code,58,A,"JS/TS;HTML",1.0
ai-tool-guardian-angel,AI App Builders & No-Code,58,A,"JS/TS;HTML",1.1
ai-toolkit-nexus-forge,Uncategorized,58,A,"JS/TS;HTML",1.3
ai-toolkit-nexus-forge-83,Uncategorized,58,A,"JS/TS;HTML",1.1
ai-trial-tracker,Uncategorized,58,A,"JS/TS",1.0
ai-usage-guardian-angel,AI App Builders & No-Code,58,A,"JS/TS;HTML",1.5
ai-usage-navigator,Uncategorized,58,A,"JS/TS;HTML",1.5
ai-vibe-hub,AI Applications,58,A,"JS/TS;HTML",1.3
ai-wisdom-vault,AI Applications,58,A,"JS/TS;HTML",1.5
ai-world-navigator,AI App Builders & No-Code,58,A,"JS/TS;HTML",1.4
aigenius-toolkit,Trading Bots & Crypto,58,A,"JS/TS;HTML",1.7
aitoolv0,Uncategorized,58,A,"JS/TS",0.8
allspark-dev-studio,Developer Tools,58,A,"JS/TS;HTML",1.1
arcana-craft,AI App Builders & No-Code,58,A,"JS/TS;HTML",1.2
artbot-crypto-verse,Trading Bots & Crypto,58,A,"JS/TS;HTML",0.9
artspark-gallery-verse,AI App Builders & No-Code,58,A,"JS/TS;HTML",1.3
artspark-nft-hub,Uncategorized,58,A,"JS/TS;HTML",1.4
aussie-burnout-legends,AI App Builders & No-Code,58,A,"JS/TS;HTML",2.3
aussie-burnout-legends-61,AI App Builders & No-Code,58,A,"JS/TS;HTML",2.7
aussie-earn,AI App Builders & No-Code,58,A,"JS/TS;HTML",0.9
auto-synth-ops,AI App Builders & No-Code,58,A,"JS/TS;HTML",1.0
automated-app-genesis,AI App Builders & No-Code,58,A,"JS/TS;HTML",0.8
avatra-content-hive,AI App Builders & No-Code,58,A,"JS/TS;HTML",0.7
awesome-claude-code-subagents,Developer Tools,58,A,"Unknown",0.9
awesome-ui-component-library,Uncategorized,58,A,"Unknown",0.1
beacon-clone-trader-dash,Trading Bots & Crypto,58,A,"JS/TS;HTML",2.5
bloom-boost-social,Social Media Tools,58,A,"JS/TS;HTML",1.3
boltaicrypto,Trading Bots & Crypto,58,A,"JS/TS;HTML",0.4
boltcrypto,Trading Bots & Crypto,58,A,"JS/TS;HTML",0.7
boltknowledgemanagement,Knowledge Management,58,A,"JS/TS;HTML",1.4
bookcraft-nexus-publish,AI Applications,58,A,"JS/TS;HTML",1.1
bookmark-buddy-sort,Browser Tools & Extensions,58,A,"JS/TS;HTML",0.8
bot-bloom-capital,Uncategorized,58,A,"JS/TS;HTML",1.0
bot-trading-renaissance-hub,Trading Bots & Crypto,58,A,"JS/TS;HTML",1.4
brainstorm-architect,Uncategorized,58,A,"JS/TS;HTML",1.5
branch-buddy-deploy,Dashboards & Admin Panels,58,A,"JS/TS;HTML",1.2
browse-time-insight,Analytics & Insights,58,A,"JS/TS;HTML",1.2
browser-quad-vision,AI App Builders & No-Code,58,A,"JS/TS;HTML",0.8
c-3685,Chatbots & Conversational AI,58,A,"JS/TS;HTML",2.3
chat-harmony-archiver,Chatbots & Conversational AI,58,A,"JS/TS;HTML",0.7
chat-merge-mastery,Dashboards & Admin Panels,58,A,"JS/TS;HTML",1.3
chat-scribe-ai-organizer,Chatbots & Conversational AI,58,A,"JS/TS;HTML",1.2
chat-scribe-wiki-forge,Chatbots & Conversational AI,58,A,"JS/TS;HTML",0.9
chathistoryboplt,Monetization & Business,58,A,"JS/TS;HTML",0.9
chatify-organizer,Chatbots & Conversational AI,58,A,"JS/TS;HTML",1.5
chatter-connect-analyze-now,AI App Builders & No-Code,58,A,"JS/TS;HTML",1.3
chrome-and-country-kings,Uncategorized,58,A,"JS/TS;HTML",1.1
claraverse-evolve-ai-nexus,AI Applications,58,A,"JS/TS;HTML",1.9
code-archaeologist-workbench,Developer Tools,58,A,"JS/TS;HTML",1.5
code-discovery-navigator,AI App Builders & No-Code,58,A,"JS/TS;HTML",1.1
code-lens-ai-review,Developer Tools,58,A,"JS/TS;HTML",0.8
code-narrative-alchemy,Developer Tools,58,A,"JS/TS;HTML",1.1
cognitive-prism-analyzer,AI Applications,58,A,"JS/TS;HTML",1.4
coin-alchemy-ai,AI App Builders & No-Code,58,A,"JS/TS;HTML",0.9
comment-roulette-youtube,AI App Builders & No-Code,58,A,"JS/TS;HTML",0.7
conversation-crafter,Chatbots & Conversational AI,58,A,"JS/TS;HTML",1.0
cortex-project-space,AI App Builders & No-Code,58,A,"JS/TS;HTML",1.4
cortex-project-space-37294,AI App Builders & No-Code,58,A,"JS/TS;HTML",1.2
cosmos-ai-desk,AI App Builders & No-Code,58,A,"JS/TS;HTML",1.2
creation-forge-kit,AI App Builders & No-Code,58,A,"JS/TS;HTML",1.4
creativeforge-nexus-studio,AI App Builders & No-Code,58,A,"JS/TS;HTML",1.1
crypto-ai-hivemind,Trading Bots & Crypto,58,A,"JS/TS;HTML",1.3
crypto-cosmos-nexus,Trading Bots & Crypto,58,A,"JS/TS;HTML",0.9
crypto-dream-voyage-sim,Trading Bots & Crypto,58,A,"JS/TS;HTML",0.8
crypto-fusion-nexus-flow,Trading Bots & Crypto,58,A,"JS/TS;HTML",1.8
crypto-genesis-ai,Trading Bots & Crypto,58,A,"JS/TS;HTML",0.7
cryptoai-trade-commander,Trading Bots & Crypto,58,A,"JS/TS;HTML",1.1
cryptobot-nexus-ai,AI App Builders & No-Code,58,A,"JS/TS;HTML",0.7
cryptonaut-ai-terminal,Trading Bots & Crypto,58,A,"JS/TS;HTML",1.8
cybersecurity-enterprise-suite,Security & Privacy,58,A,"Python",0.2
darkflow-ai-nexus,Dashboards & Admin Panels,58,A,"JS/TS;HTML",1.0
dev-forge-omni,Developer Tools,58,A,"JS/TS;HTML",1.5
dev-stream-seek,Developer Tools,58,A,"JS/TS;HTML",1.3
devflow-matrix,Developer Tools,58,A,"JS/TS;HTML",1.0
diagram-insight-ai,Image Processing & OCR,58,A,"JS/TS;HTML",0.9
digest-email-forge,AI App Builders & No-Code,58,A,"JS/TS;HTML",1.1
docu-prime,Knowledge Management,58,A,"JS/TS;HTML",0.8
dream-crypto-trade-sim,Trading Bots & Crypto,58,A,"JS/TS;HTML",0.8
dream-trade-forge,Trading Bots & Crypto,58,A,"JS/TS;HTML",1.1
drive-doctor-dash,Uncategorized,58,A,"JS/TS;HTML",1.1
earn-big-now,Monetization & Business,58,A,"JS/TS;HTML",1.1
echo-chamber-of-wisdom,Uncategorized,58,A,"JS/TS;HTML",0.7
ember-build-spark,AI App Builders & No-Code,58,A,"JS/TS;HTML",0.9
engage-flow-insights-ai,Social Media Tools,58,A,"JS/TS;HTML",1.2
engage-nexus-metrics,Social Media Tools,58,A,"JS/TS;HTML",1.0
engine-craft-games,Gaming & Trading Cards,58,A,"JS/TS;HTML",0.8
ethosai-moral-compass-agent,AI App Builders & No-Code,58,A,"JS/TS;HTML",1.1
favorite-flow-dashboard,Browser Tools & Extensions,58,A,"JS/TS;HTML",0.9
forge-creative-flow,AI App Builders & No-Code,58,A,"JS/TS;HTML",1.1
fusion-sight-navigator-buddy,AI App Builders & No-Code,58,A,"JS/TS;HTML",0.7
fusion-vision-forge,AI App Builders & No-Code,58,A,"JS/TS;HTML",0.7
gamedevforusers,Uncategorized,58,A,"JS/TS;HTML",1.3
gemcopilot-media-scribe,Media & Video Tools,58,A,"JS/TS;HTML",0.9
guardian-ai-speak,Security & Privacy,58,A,"JS/TS;HTML",1.0
hyperdrive-ai-nexus,AI App Builders & No-Code,58,A,"JS/TS;HTML",1.0
hyperlink-organizer-plus,Browser Tools & Extensions,58,A,"JS/TS;HTML",1.0
influence-bloom-hub,Social Media Tools,58,A,"JS/TS;HTML",0.8
insight-enterprise-ai-nexus,Analytics & Insights,58,A,"JS/TS;HTML",0.9
insight-garden-craft,Analytics & Insights,58,A,"JS/TS;HTML",1.1
instant-code-smith,Project Management,58,A,"JS/TS;HTML",1.1
intel-agent-grid,AI App Builders & No-Code,58,A,"JS/TS;HTML",0.6
intellicode-nexus,AI App Builders & No-Code,58,A,"JS/TS;HTML",0.8
intellitool-dash,MCP Servers,58,A,"JS/TS;HTML",1.0
kamakaze-jarvis-inspired-ai-assistant-1,Uncategorized,58,A,"JS/TS",1.1
kamikaze-ai-buddy,AI App Builders & No-Code,58,A,"JS/TS;HTML",1.0
keno-ai-fortune,Gambling & Betting,58,A,"JS/TS;HTML",1.0
keno-oz-oracle,Gambling & Betting,58,A,"JS/TS;HTML",1.5
knowl-ai-nexus,Knowledge Management,58,A,"JS/TS;HTML",0.7
legacy-compass,AI App Builders & No-Code,58,A,"JS/TS;HTML",0.8
legacy-video-forge,Media & Video Tools,58,A,"JS/TS;HTML",1.2
link-locker-organizer,Browser Tools & Extensions,58,A,"JS/TS;HTML",1.0
local-ai-alchemy-lab,Local & Self-Hosted AI,58,A,"JS/TS;HTML",1.3
lovable-api-genesis,AI App Builders & No-Code,58,A,"JS/TS;HTML",0.8
lovable-complex-ideas,AI App Builders & No-Code,58,A,"JS/TS;HTML",1.0
lovable-idea-nexus,AI App Builders & No-Code,58,A,"JS/TS;HTML",0.9
lovable-task-board-magic,Project Management,58,A,"JS/TS;HTML",1.0
lovable-trading-sight,Trading Bots & Crypto,58,A,"JS/TS;HTML",0.6
love-db-quest,AI App Builders & No-Code,58,A,"JS/TS;HTML",0.9
lumen-ai-pulse,AI App Builders & No-Code,58,A,"JS/TS;HTML",0.9
marvel-ai-trading-hub,Trading Bots & Crypto,58,A,"JS/TS;HTML",1.4
marvelpokemoncards,Trading Bots & Crypto,58,A,"JS/TS;HTML",0.6
meme-finding,Media & Video Tools,58,A,"JS/TS;HTML",1.6
meme-verse-oracle,Project Management,58,A,"JS/TS;HTML",1.1
model-morph-deploy,AI App Builders & No-Code,58,A,"JS/TS;HTML",1.1
monetization-dashboard,Social Media Tools,58,A,"JS/TS",1.1
money-mint-machine,Monetization & Business,58,A,"JS/TS;HTML",1.2
moneymaker-ai-quest,Monetization & Business,58,A,"JS/TS;HTML",1.3
my-life-verified,AI App Builders & No-Code,58,A,"JS/TS;HTML",0.7
n8n-verse,Automation & Workflow,58,A,"JS/TS;HTML",1.0
nebula-weave,AI App Builders & No-Code,58,A,"JS/TS;HTML",1.0
nexus-farm-engine,AI App Builders & No-Code,58,A,"JS/TS;HTML",1.0
oz-hack-emporium,AI App Builders & No-Code,58,A,"JS/TS;HTML",2.4
persona-craft-agency,Uncategorized,58,A,"JS/TS;HTML",1.0
phoenix-repo-revival,AI App Builders & No-Code,58,A,"JS/TS;HTML",1.2
plant-path-eye-diagnose,Healthcare & Fitness,58,A,"JS/TS;HTML",0.8
poke-marvel-market,Trading Bots & Crypto,58,A,"JS/TS;HTML",1.1
poke-monopoly-ai-hub,Gaming & Trading Cards,58,A,"JS/TS;HTML",1.3
pretty-charts-ui,AI App Builders & No-Code,58,A,"JS/TS;HTML",0.8
project-confluence-magic,Project Management,58,A,"JS/TS;HTML",1.3
project-sifter,Project Management,58,A,"JS/TS;HTML",1.2
prompt-waterfall-blitz,Prompt Engineering,58,A,"JS/TS;HTML",1.5
promptbrain-organizer-ai,Prompt Engineering,58,A,"JS/TS;HTML",1.2
quad-view-nexus,AI App Builders & No-Code,58,A,"JS/TS;HTML",0.7
quantify-ai-trader,Trading Bots & Crypto,58,A,"JS/TS;HTML",1.1
remix-of-cosmic-craft-core,Developer Tools,58,A,"JS/TS;HTML",1.1
repo-prompt-master,Prompt Engineering,58,A,"JS/TS;HTML",1.4
research-loop-dashboard,AI Research,58,A,"JS/TS;HTML",1.6
rogue-parrot-command-center,AI App Builders & No-Code,58,A,"JS/TS;HTML",1.0
roundabout-creator-hub,AI App Builders & No-Code,58,A,"JS/TS;HTML",1.1
sketch-to-artifact-builder,AI App Builders & No-Code,58,A,"JS/TS;HTML",0.9
sky-share-viewer,AI App Builders & No-Code,58,A,"JS/TS;HTML",0.8
story-loom-video,Media & Video Tools,58,A,"JS/TS;HTML",1.2
swift-chat-ai-dock,Chatbots & Conversational AI,58,A,"JS/TS;HTML",0.6
time-travel-insights-explorer,Security & Privacy,58,A,"JS/TS;HTML",0.8
time-travel-tracker-reports,Analytics & Insights,58,A,"JS/TS;HTML",1.0
time-tunnel-reports,Analytics & Insights,58,A,"JS/TS;HTML",0.8
tool-stream-ai,Analytics & Insights,58,A,"JS/TS;HTML",1.3
trace-companion-tool,AI App Builders & No-Code,58,A,"JS/TS;HTML",1.1
traffic-boost-roundabout,Social Media Tools,58,A,"JS/TS;HTML",1.8
truth-timeline,Analytics & Insights,58,A,"JS/TS;HTML",1.0
universal-ai-toolbox,AI Tools & Directories,58,A,"JS/TS;HTML",1.1
voice-coder,Uncategorized,58,A,"Python",0.1
voice-spark-incubator,AI App Builders & No-Code,58,A,"JS/TS;HTML",0.6
web-quad-workspace-vision,Knowledge Management,58,A,"JS/TS;HTML",1.6
wiki-weave-ai,Knowledge Management,58,A,"JS/TS;HTML",0.7
woods-android-recovery-kit,Dashboards & Admin Panels,58,A,"Python",0.3
woodsai69rme_fast-video-studio,Media & Video Tools,58,A,"JS/TS;HTML",0.9
woodsai69rme_lovable-ai-companion,Dashboards & Admin Panels,58,A,"JS/TS;HTML",1.1
woodsai69rme_muse-master-dashboard,Social Media Tools,58,A,"JS/TS;HTML",1.0
woodsai69rme_prompt-hologram-forge,AI App Builders & No-Code,58,A,"JS/TS;HTML",1.0
woodsai69rme_webscrapebolt,Uncategorized,58,A,"JS/TS;HTML",0.7
woodsai69rme_woodsworking,Uncategorized,58,A,"JS/TS",0.9
workspace-ai-automator,AI App Builders & No-Code,58,A,"JS/TS;HTML",1.3
zeroone-private-nexus-50,Security & Privacy,58,A,"JS/TS;HTML",2.7
Harvard-Algorithmic-Trading-with-AI,Trading Bots & Crypto,53,A,"Unknown",6.3
ai-crypto-trading--monitoring,Trading Bots & Crypto,53,A,"JS/TS",0.9
ai-dev-command-clone,Uncategorized,53,A,"JS/TS",1.1
ai-dev-platform,Uncategorized,53,A,"JS/TS",0.9
ai-development-control-system,Uncategorized,53,A,"JS/TS",1.1
ai-project-manager-platform,Uncategorized,53,A,"JS/TS",1.2
aiecosystem,Uncategorized,53,A,"JS/TS",0.7
aiworkspace,AI Applications,53,A,"JS/TS;HTML",0.6
allone,Uncategorized,53,A,"JS/TS",0.6
apple-bug-bounty-profit-platform,Monetization & Business,53,A,"JS/TS",1.1
australian-location-tracking-education,Education & Tutorials,53,A,"JS/TS",1.0
awesome-ai-coding-tools,Uncategorized,53,A,"Unknown",0.0
awesome-cli-apps,Uncategorized,53,A,"Unknown",0.2
awesome-nocode-lowcode,Uncategorized,53,A,"Unknown",0.0
awesome-selfhosted,Uncategorized,53,A,"Unknown",0.3
b-7161,Uncategorized,53,A,"JS/TS;HTML",1.1
boltchathistoryorg,Chatbots & Conversational AI,53,A,"JS/TS;HTML",0.3
c-2693,Trading Bots & Crypto,53,A,"JS/TS;HTML",4.6
charm-clone-assemble-verse,AI Applications,53,A,"JS/TS;HTML",1.5
chatgpt-file-organizer,Chatbots & Conversational AI,53,A,"JS/TS",0.7
claude-code-subagents,Developer Tools,53,A,"Unknown",0.3
context-engineering-intro,Uncategorized,53,A,"Unknown",0.0
cplatform,Uncategorized,53,A,"JS/TS",0.7
crypto-ai-horizon-dashboard,Trading Bots & Crypto,53,A,"JS/TS;HTML",0.8
crypto-ai-research--trading-hub,Trading Bots & Crypto,53,A,"JS/TS",0.8
crypto-ai-research--trading-hub-1,Trading Bots & Crypto,53,A,"JS/TS",0.8
crypto-ai-trading-platform,Trading Bots & Crypto,53,A,"JS/TS",0.9
crypto-nexus-compass,Trading Bots & Crypto,53,A,"JS/TS;HTML",2.0
dating,Uncategorized,53,A,"JS/TS",0.4
ditto,Uncategorized,53,A,"Python",0.0
favsort,Browser Tools & Extensions,53,A,"JS/TS",0.4
firefox,Browser Tools & Extensions,53,A,"JS/TS;HTML",0.3
freecrypto,Uncategorized,53,A,"JS/TS",0.4
freetrail,Uncategorized,53,A,"JS/TS",0.3
g-8461,Marketing & Sales,53,A,"JS/TS;HTML",2.3
githubrepoanalyzer,Uncategorized,53,A,"JS/TS",0.4
kamakaze-jarvis-inspired-ai-assistant,Uncategorized,53,A,"JS/TS",1.0
mcp-demo,MCP Servers,53,A,"Unknown",0.3
monetization-idea-generator,Uncategorized,53,A,"JS/TS",0.8
multi-platform-monetization-strategy,Monetization & Business,53,A,"JS/TS",1.7
orchids-ai-coder-s-live-dashboard,Uncategorized,53,A,"JS/TS",0.9
orchids-ai-development-control-system,Uncategorized,53,A,"JS/TS",1.2
orchids-devsuite,Uncategorized,53,A,"JS/TS",0.9
project-genesis,Project Management,53,A,"JS/TS",1.1
projectzen-ai-dashboard,Uncategorized,53,A,"JS/TS",1.1
roundabout-creator-platform,Uncategorized,53,A,"JS/TS",0.8
ultimate-agent-system,AI Frameworks & Agents,53,A,"JS/TS",0.9
ultimate-agent-system-1,AI Frameworks & Agents,53,A,"JS/TS",0.8
walpaper,Dashboards & Admin Panels,53,A,"JS/TS;HTML",0.2
woodsai69rme_fusion-trading-vision-42,Trading Bots & Crypto,53,A,"JS/TS;HTML",2.6
woodsai69rme_lovable-evolved-fusion-core,Trading Bots & Crypto,53,A,"JS/TS;HTML",2.2
woodsai69rme_marvel-ai-trading-hub-53,Trading Bots & Crypto,53,A,"JS/TS;HTML",2.0
woodsai69rme_v0-ai-agent-army-refactor,AI Frameworks & Agents,53,A,"JS/TS",0.4
zeronev0,Uncategorized,53,A,"JS/TS",0.4
aicodeecoemerg,Uncategorized,50,A,"Python",0.3
boltultagentsystem,Uncategorized,50,A,"JS/TS;HTML",0.4
cladstudioemerg,Uncategorized,50,A,"Python",0.4
emergent,Uncategorized,50,A,"Python",0.2
woodsai69rme_gvie-launchpad,Uncategorized,50,A,"JS/TS;HTML",0.9
woodsai69rme_junior-clone,Uncategorized,50,A,"JS/TS;HTML",1.5
woodsai69rme_ndis-flow,Uncategorized,50,A,"JS/TS;HTML",1.0
woodsai69rme_remix-of-muse-master-dashboard,Media & Video Tools,50,A,"JS/TS;HTML",1.0
woodsai69rme_startup-scout-ai,Uncategorized,50,A,"JS/TS;HTML",0.9
ChatGPT,Uncategorized,48,B,"JS/TS;HTML",0.1
DeepSeek-Coder-V2,Uncategorized,48,B,"Unknown",2.7
DevMonitor-Widget,Dashboards & Admin Panels,48,B,"Unknown",0.1
ai-crypto-trading-ecosystem-complete,Trading Bots & Crypto,48,B,"Unknown",0.3
awesome-ai-agents,Uncategorized,48,B,"Unknown",3.5
hackrfv0,Uncategorized,48,B,"JS/TS",0.3
self-hosted-ai-starter-kit,AI App Builders & No-Code,48,B,"Unknown",3.9
system-prompts-and-models-of-ai-tools,Prompt Engineering,48,B,"Unknown",0.5
woodsai69rme_SuperClaude,Uncategorized,48,B,"Unknown",0.4
woodsai69rme_engine-craft-games,AI App Builders & No-Code,48,B,"JS/TS;HTML",0.8
woodsai69rme_ethosai-moral-compass-agent,AI App Builders & No-Code,48,B,"JS/TS;HTML",1.1
woodsai69rme_favorite-flow-dashboard,AI App Builders & No-Code,48,B,"JS/TS;HTML",0.9
woodsai69rme_gamedevforusers,Uncategorized,48,B,"JS/TS;HTML",1.3
woodsai69rme_gemcopilot-media-scribe,AI App Builders & No-Code,48,B,"JS/TS;HTML",0.9
woodsai69rme_instant-code-smith,Project Management,48,B,"JS/TS;HTML",1.1
woodsai69rme_intel-agent-grid,AI App Builders & No-Code,48,B,"JS/TS;HTML",0.6
woodsai69rme_karma-intel-hub,Uncategorized,48,B,"JS/TS",0.9
woodsai69rme_keno-ai-fortune,Gambling & Betting,48,B,"JS/TS;HTML",1.0
woodsai69rme_link-locker-organizer,Uncategorized,48,B,"JS/TS;HTML",1.0
woodsai69rme_local-ai-alchemy-lab,AI App Builders & No-Code,48,B,"JS/TS;HTML",1.3
woodsai69rme_lovable-complex-ideas,AI App Builders & No-Code,48,B,"JS/TS;HTML",1.0
woodsai69rme_lovable-idea-nexus,AI App Builders & No-Code,48,B,"JS/TS;HTML",0.9
woodsai69rme_lovable-task-board-magic,Project Management,48,B,"JS/TS;HTML",1.0
woodsai69rme_love-db-quest,AI App Builders & No-Code,48,B,"JS/TS;HTML",0.9
woodsai69rme_loving-bolt-vortex-clone,AI App Builders & No-Code,48,B,"JS/TS;HTML",0.9
woodsai69rme_marvel-ai-trading-hub,Trading Bots & Crypto,48,B,"JS/TS;HTML",1.4
woodsai69rme_marvelpokemoncards,Trading Bots & Crypto,48,B,"JS/TS;HTML",0.6
woodsai69rme_mimic-youware-clone,Uncategorized,48,B,"JS/TS;HTML",1.0
woodsai69rme_moneymaker-ai-quest,Monetization & Business,48,B,"JS/TS;HTML",1.3
woodsai69rme_nebula-weave,AI App Builders & No-Code,48,B,"JS/TS;HTML",1.0
woodsai69rme_phoenix-repo-revival,AI App Builders & No-Code,48,B,"JS/TS;HTML",1.2
woodsai69rme_plant-path-eye-diagnose,AI App Builders & No-Code,48,B,"JS/TS;HTML",0.8
woodsai69rme_poke-monopoly-ai-hub,Uncategorized,48,B,"JS/TS;HTML",1.3
woodsai69rme_pretty-charts-ui,AI App Builders & No-Code,48,B,"JS/TS;HTML",0.8
woodsai69rme_project-brain-hub,AI App Builders & No-Code,48,B,"JS/TS;HTML",1.1
woodsai69rme_project-heartbeat-dashboard,AI App Builders & No-Code,48,B,"JS/TS;HTML",0.9
woodsai69rme_project-nexus-insight,AI App Builders & No-Code,48,B,"JS/TS;HTML",1.3
woodsai69rme_projectmanagementbolt,Project Management,48,B,"JS/TS;HTML",0.6
woodsai69rme_prompt-bloom-harvest,Uncategorized,48,B,"JS/TS;HTML",1.4
woodsai69rme_prompt-galaxy-weaver,AI App Builders & No-Code,48,B,"JS/TS;HTML",1.0
woodsai69rme_prompt-pulse-ai-hub,AI App Builders & No-Code,48,B,"JS/TS;HTML",1.0
woodsai69rme_prompt-the-future,AI App Builders & No-Code,48,B,"JS/TS;HTML",0.9
woodsai69rme_quad-view-navigator,Uncategorized,48,B,"JS/TS;HTML",1.0
woodsai69rme_quant-alpha-nexus,Trading Bots & Crypto,48,B,"JS/TS;HTML",1.7
woodsai69rme_reason-detective-bot,AI Applications,48,B,"JS/TS;HTML",1.3
woodsai69rme_rhythm-project-board,AI App Builders & No-Code,48,B,"JS/TS;HTML",0.7
woodsai69rme_rhythm-project-board-58a6bd4e,AI App Builders & No-Code,48,B,"JS/TS;HTML",0.7
woodsai69rme_score-a-soulmate,Uncategorized,48,B,"JS/TS",1.0
woodsai69rme_simple-notepad,Uncategorized,48,B,"JS/TS",0.8
woodsai69rme_skywork-portal,Uncategorized,48,B,"JS/TS",1.0
woodsai69rme_smart-research-box,AI Research,48,B,"JS/TS;HTML",0.9
woodsai69rme_soulgpt-emotional-echo,AI App Builders & No-Code,48,B,"JS/TS;HTML",0.9
woodsai69rme_starforge-galaxy-clone,AI App Builders & No-Code,48,B,"JS/TS;HTML",0.9
woodsai69rme_stellar-ai-creator-99493,AI App Builders & No-Code,48,B,"JS/TS;HTML",1.2
woodsai69rme_stellar-web-showcase-32,AI App Builders & No-Code,48,B,"JS/TS;HTML",0.8
woodsai69rme_synapse-spark-project,AI App Builders & No-Code,48,B,"JS/TS;HTML",0.7
woodsai69rme_tab-flow-scheduler,AI App Builders & No-Code,48,B,"JS/TS;HTML",1.1
woodsai69rme_tab-time-pilot-pro,Browser Tools & Extensions,48,B,"JS/TS;HTML",0.9
woodsai69rme_tell-me-that-clone,AI App Builders & No-Code,48,B,"JS/TS;HTML",1.4
woodsai69rme_tempo-tab-master,AI App Builders & No-Code,48,B,"JS/TS;HTML",0.7
woodsai69rme_trading-insight-sphere,AI App Builders & No-Code,48,B,"JS/TS;HTML",0.9
woodsai69rme_trading-vision-forge,Trading Bots & Crypto,48,B,"JS/TS;HTML",1.0
woodsai69rme_trial-guardian-dashboard,AI App Builders & No-Code,48,B,"JS/TS;HTML",1.3
woodsai69rme_truth-scribe-api,Uncategorized,48,B,"JS/TS;HTML",0.8
woodsai69rme_ultimate-earning-app,AI App Builders & No-Code,48,B,"JS/TS;HTML",0.9
woodsai69rme_ultimatettoolsnautobolt,Uncategorized,48,B,"JS/TS;HTML",0.5
woodsai69rme_your-ai-guide,AI Frameworks & Agents,48,B,"JS/TS",0.9
aiproj,Uncategorized,45,B,"JS/TS",0.7
boltaupromange,Uncategorized,45,B,"JS/TS",0.7
boltbookmarkhub,Uncategorized,45,B,"JS/TS;HTML",0.7
boltnew,Uncategorized,45,B,"JS/TS",0.6
chatbolthiostory,Uncategorized,45,B,"JS/TS",0.5
chatprocessor,Uncategorized,45,B,"JS/TS;HTML",0.8
githubdoco,Uncategorized,45,B,"JS/TS;HTML",0.7
projmanagementhub,Uncategorized,45,B,"JS/TS;HTML",0.8
Awesome-Code-LLM,Uncategorized,43,B,"Unknown",0.2
awesome-browser-automation,Automation & Workflow,43,B,"Unknown",0.0
awesome-claude-code,Developer Tools,43,B,"Unknown",0.0
awesome-coins,Uncategorized,43,B,"Unknown",0.0
awesome-mcp-servers,MCP Servers,43,B,"Unknown",0.8
c-442780,Uncategorized,43,B,"JS/TS;HTML",0.9
ulitimateai,Uncategorized,43,B,"JS/TS",0.2
v0-api-key-manager,Security & Privacy,43,B,"JS/TS",0.8
woodsai69rme_freecrypto,Uncategorized,43,B,"JS/TS",0.4
woodsai69rme_orchids-ai-development-control-system,Uncategorized,43,B,"JS/TS",1.2
woodsai69rme_ultimate-hacking-platform,Uncategorized,43,B,"JS/TS",1.1
AusAIAgencybolt-,Uncategorized,40,B,"JS/TS;HTML",0.3
boltaidevprojdash,Uncategorized,40,B,"JS/TS;HTML",0.2
boltnextgencrypto,Uncategorized,40,B,"JS/TS;HTML",0.4
junior-clone,Uncategorized,40,B,"JS/TS;HTML",1.5
short-crypto-to-0-trading-bot,Trading Bots & Crypto,40,B,"Python",0.1
AIFreeTierTrackerbolt,Dashboards & Admin Panels,38,B,"JS/TS",0.5
aiinggfbolt,AI Applications,38,B,"JS/TS;HTML",1.0
aiittoolsbolt,Automation & Workflow,38,B,"JS/TS;HTML",0.4
aittradingbolt,Trading Bots & Crypto,38,B,"JS/TS;HTML",0.9
chatplatformbolt,Browser Tools & Extensions,38,B,"JS/TS;HTML",1.1
claude-web-clone-magic,Project Management,38,B,"JS/TS;HTML",0.9
clone-screenshot--chatgpt,MCP Servers,38,B,"JS/TS",1.2
cmsbolt,Security & Privacy,38,B,"JS/TS;HTML",0.9
codecraft-clone,Uncategorized,38,B,"JS/TS",1.0
creatoros-clone,AI Applications,38,B,"JS/TS;HTML",1.1
freeitbolt,Uncategorized,38,B,"JS/TS;HTML",0.8
hackathonbolt,Monetization & Business,38,B,"JS/TS;HTML",1.0
loving-bolt-vortex-clone,AI App Builders & No-Code,38,B,"JS/TS;HTML",0.9
mimic-youware-clone,Uncategorized,38,B,"JS/TS;HTML",1.0
projectmanagemenbolt,Uncategorized,38,B,"JS/TS",0.6
prompthubbolt,Knowledge Management,38,B,"JS/TS",1.2
rest-express-replit,Dashboards & Admin Panels,38,B,"Unknown",0.0
socialmediabolt,Uncategorized,38,B,"JS/TS;HTML",1.6
system_prompts_leaks,Uncategorized,38,B,"Unknown",0.3
v0-ai-assistant-framework,Uncategorized,38,B,"JS/TS",1.1
v0-ai-ops-mission-control,Uncategorized,38,B,"JS/TS",1.5
v0-clone-website,AI App Builders & No-Code,38,B,"JS/TS",0.5
v0-round,Uncategorized,38,B,"JS/TS",0.3
v0-v0-dev-project-management,Uncategorized,38,B,"JS/TS",6.9
woodsai69rme_hackrfv0,Uncategorized,38,B,"JS/TS",0.3
woodsai69rme_v0-crypto-ai-dashboard,Trading Bots & Crypto,38,B,"JS/TS",0.3
woodsai69rme_v0-modern-cryptocurrency-platform,Trading Bots & Crypto,38,B,"JS/TS",0.5
z1hackermainbolt,Monetization & Business,38,B,"JS/TS;HTML",0.9
aicodingassistbolt,Uncategorized,35,B,"JS/TS",0.4
woodsai69rme_marvelaitradebolt,Uncategorized,35,B,"JS/TS;HTML",0.5
woodsai69rme_roundaboutbolt,Uncategorized,35,B,"JS/TS;HTML",0.7
woodsai69rme_webscraperbolt,Uncategorized,35,B,"JS/TS;HTML",0.6
aitoolkitbolt,Automation & Workflow,33,B,"JS/TS;HTML",0.5
aiusemaxbolt,Dashboards & Admin Panels,33,B,"JS/TS;HTML",0.3
awesome-ai-sdks,Uncategorized,33,B,"Unknown",1.8
creatoros-clone-1,Uncategorized,33,B,"JS/TS",1.0
escorts--babes-clone,Uncategorized,33,B,"JS/TS",0.7
freetrailbolt,Uncategorized,33,B,"JS/TS;HTML",0.3
moneymakerbolt,Social Media Tools,33,B,"JS/TS;HTML",0.3
perplexity-ai-clone,Uncategorized,33,B,"JS/TS",0.8
perplexity-ai-clone-1,Uncategorized,33,B,"JS/TS",0.9
productblueprintbolt,Uncategorized,33,B,"JS/TS;HTML",0.4
ultimateaitoolsbolt,MCP Servers,33,B,"JS/TS;HTML",0.3
woodsai69rme_v0-crypto-nft-ai-ecosystem,Trading Bots & Crypto,33,B,"JS/TS",0.3
woodsai69rme_v0-music-recreation-tool,Uncategorized,33,B,"JS/TS",0.3
woodsai69rme_v0-ultimate-crypto-platform,Trading Bots & Crypto,33,B,"JS/TS",2.5
youware-clone-project,Uncategorized,33,B,"JS/TS",0.7
youware-fullscreen-clone,Uncategorized,33,B,"JS/TS",0.7
z1projauditfixbolt,Monetization & Business,33,B,"JS/TS;HTML",0.5
Moon-Dev-Code,Uncategorized,30,B,"Unknown",4.2
ai-phone-farming-platform,Empty/Low Quality,30,B,"JS/TS",0.2
base44clone,Uncategorized,30,B,"Unknown",0.2
karma-intel-hub,Empty/Low Quality,30,B,"JS/TS",0.9
memory-montage-maker,Empty/Low Quality,30,B,"JS/TS",0.6
vibecloneemergent,Uncategorized,30,B,"Unknown",0.3
woodsai69rme_woodsempirebolt,Uncategorized,30,B,"JS/TS;HTML",0.4
a-889354,AI App Builders & No-Code,28,B,"JS/TS;HTML",0.8
c-389547,AI App Builders & No-Code,28,B,"JS/TS;HTML",1.8
c-692182,AI App Builders & No-Code,28,B,"JS/TS;HTML",3.9
c-8316,AI App Builders & No-Code,28,B,"JS/TS;HTML",1.9
c-855294,Trading Bots & Crypto,28,B,"JS/TS;HTML",0.9
v0-ai-project-management-tool,Developer Tools,28,B,"JS/TS",0.7
v0-combine-projects,Uncategorized,28,B,"JS/TS",0.5
v0-music-and-video-platform,Monetization & Business,28,B,"JS/TS",0.6
v0-webui-for-text-analysis,Knowledge Management,28,B,"JS/TS",0.9
woodsai69rme_v0-ai-development-control,Uncategorized,28,B,"JS/TS",0.2
woodsai69rme_v0-creator-os-clone,Uncategorized,28,B,"JS/TS",0.2
aicodingbolt,Uncategorized,25,B,"JS/TS;HTML",1.0
allinonecryptobolt,Uncategorized,25,B,"JS/TS;HTML",0.5
compcryptobolt,Uncategorized,25,B,"JS/TS;HTML",0.8
cryptoclone,Uncategorized,25,B,"Unknown",0.5
kenobolt,Uncategorized,25,B,"JS/TS;HTML",0.4
marvelaitradebolt,Uncategorized,25,B,"JS/TS;HTML",0.5
socialautomationbolt,Uncategorized,25,B,"JS/TS;HTML",0.5
taskmanagekanbanbolt,Uncategorized,25,B,"JS/TS;HTML",0.4
whitelabelaibolt,Uncategorized,25,B,"JS/TS",0.5
z1knowledgebasebolt,Uncategorized,25,B,"JS/TS;HTML",0.9
v0-ai-coding-tools-directory,AI Tools & Directories,23,C,"JS/TS",0.3
v0-ai-powered-chat-tool,Uncategorized,23,C,"JS/TS",0.4
v0-ai-tool-list,AI Tools & Directories,23,C,"JS/TS",0.6
v0-ai-tools-directory,AI Tools & Directories,23,C,"JS/TS",0.3
v0-aus-ai-workspace,Uncategorized,23,C,"JS/TS",0.4
v0-browser-extension-features,Browser Tools & Extensions,23,C,"JS/TS;HTML",0.2
v0-browser-extension-ideas,Uncategorized,23,C,"JS/TS",0.4
v0-browser-favorites-app,Uncategorized,23,C,"JS/TS",0.3
v0-content-processing-system,Uncategorized,23,C,"JS/TS",0.4
v0-crypto-trading-platform,Trading Bots & Crypto,23,C,"JS/TS",0.4
v0-marketplace,Uncategorized,23,C,"JS/TS",0.3
v0-prompt-os-app-build,Uncategorized,23,C,"JS/TS",0.6
v0-prompt-os-dashboard,Analytics & Insights,23,C,"JS/TS",0.7
aiprojectbolt,Uncategorized,20,C,"JS/TS;HTML",0.4
ausaiagentcybolt,Uncategorized,20,C,"JS/TS;HTML",0.3
bolt2,Empty/Low Quality,20,C,"JS/TS;HTML",0.4
chatexporterbolt,Uncategorized,20,C,"JS/TS;HTML",0.2
cryptobolt,Uncategorized,20,C,"JS/TS;HTML",0.8
directorybolt,AI Tools & Directories,20,C,"JS/TS;HTML",0.2
githubhubbolt,Uncategorized,20,C,"JS/TS;HTML",0.3
ideaforgemobilebolt,Uncategorized,20,C,"JS/TS",0.5
kbbolt,Knowledge Management,20,C,"JS/TS;HTML",0.4
nocodeexplorerbolt,Uncategorized,20,C,"JS/TS;HTML",0.4
portalaibolt,Uncategorized,20,C,"JS/TS;HTML",0.2
projectbolt,Uncategorized,20,C,"JS/TS;HTML",0.2
ultimatecryptobolt,Uncategorized,20,C,"JS/TS;HTML",0.3
ultimatergithubbolt,Uncategorized,20,C,"JS/TS;HTML",0.2
zer0onebolt,Uncategorized,20,C,"JS/TS",0.6
v0-ai-coding-assistants,Uncategorized,18,C,"JS/TS",0.3
v0-ai-mission-control,Uncategorized,18,C,"JS/TS",0.3
v0-comprehensive-content-system,Data Processing & ETL,18,C,"Python",0.1
v0-crypto-mining-dashboard,Trading Bots & Crypto,18,C,"JS/TS",0.3
v0-customizable-ai-dashboard,Uncategorized,18,C,"JS/TS",0.2
v0-iframe-state-preservation,Uncategorized,18,C,"JS/TS",0.2
v0-image-analysis,Image Processing & OCR,18,C,"JS/TS",0.2
v0-prompt-organizer,Prompt Engineering,18,C,"JS/TS",0.3
kbbolt2,Uncategorized,15,C,"JS/TS",0.2
awesome-agents,AI Frameworks & Agents,13,C,"Unknown",0.0
awesome-claude-agents,Uncategorized,13,C,"Unknown",0.0
awesome-devtools,AI Applications,13,C,"Unknown",0.0
prompts,Prompt Engineering,5,C,"Unknown",0.0
awesome-n8n,Automation & Workflow,3,C,"Unknown",0.0
dev-chatgpt-prompts,Prompt Engineering,3,C,"Unknown",0.0
top-ai-directories,Empty/Low Quality,3,C,"Unknown",0.0
AI-Empire-Mission-Control,Empty/Low Quality,0,C,"Unknown",0.0
AIAccountOptimizerreplit,Empty/Low Quality,0,C,"Unknown",0.0
AIChorus,Empty/Low Quality,0,C,"Unknown",0.0
AiDiscountHunter,Empty/Low Quality,0,C,"Unknown",0.0
ApiKeyFlow,Empty/Low Quality,0,C,"Unknown",0.0
Empire-Active-Labs,Empty/Low Quality,0,C,"Unknown",0.0
Empire-Brain-Scripts,Empty/Low Quality,0,C,"Unknown",0.0
Empire-Revenue-Suites,Monetization & Business,0,C,"Unknown",0.0
Hackrf,Empty/Low Quality,0,C,"Unknown",0.0
affiliate-ai-platform,Empty/Low Quality,0,C,"Unknown",0.0
agent-zero,Empty/Low Quality,0,C,"Unknown",0.0
ai-crypto-ecosystem-complete,Trading Bots & Crypto,0,C,"Unknown",0.0
ai-influencer-platform,Empty/Low Quality,0,C,"Unknown",0.0
ai-tool-discovery-platform,AI Tools & Directories,0,C,"Unknown",0.0
ai-tool-discovery-platform-1,AI Tools & Directories,0,C,"Unknown",0.0
ai-tool-discovery-platform-10,AI Tools & Directories,0,C,"Unknown",0.0
ai-tool-discovery-platform-11,AI Tools & Directories,0,C,"Unknown",0.0
ai-tool-discovery-platform-2,AI Tools & Directories,0,C,"Unknown",0.0
ai-tool-discovery-platform-3,AI Tools & Directories,0,C,"Unknown",0.0
ai-tool-discovery-platform-4,AI Tools & Directories,0,C,"Unknown",0.0
ai-tool-discovery-platform-5,AI Tools & Directories,0,C,"Unknown",0.0
ai-tool-discovery-platform-6,AI Tools & Directories,0,C,"Unknown",0.0
ai-tool-discovery-platform-7,AI Tools & Directories,0,C,"Unknown",0.0
ai-tool-discovery-platform-8,AI Tools & Directories,0,C,"Unknown",0.0
ai-tool-discovery-platform-9,AI Tools & Directories,0,C,"Unknown",0.0
ai-tools-directory,AI Tools & Directories,0,C,"Unknown",0.0
aiaccountoptimizer,Empty/Low Quality,0,C,"Unknown",0.0
aiusage,Empty/Low Quality,0,C,"Unknown",0.0
api,Empty/Low Quality,0,C,"Unknown",0.0
api-key-management-dashboard,Empty/Low Quality,0,C,"Unknown",0.0
ashai,Empty/Low Quality,0,C,"Unknown",0.0
boltaiprojmanagement,Empty/Low Quality,0,C,"JS/TS",0.0
bolthypercoding,Empty/Low Quality,0,C,"Unknown",0.0
brave-owl,Empty/Low Quality,0,C,"Unknown",0.0
chatsortbolt,Empty/Low Quality,0,C,"Unknown",0.0
code-and-ai-tool-discount,Empty/Low Quality,0,C,"Unknown",0.0
codesnipstripper,Empty/Low Quality,0,C,"Unknown",0.0
crypto-nexus-automator-41,Trading Bots & Crypto,0,C,"Unknown",0.0
crypto-nexus-automator-41-33e32191,Trading Bots & Crypto,0,C,"Unknown",0.0
crypto-nexus-automator-41-e423d3fc,Trading Bots & Crypto,0,C,"Unknown",0.0
cryptotrade-pro,Empty/Low Quality,0,C,"Unknown",0.0
dev-workflow-commander,Automation & Workflow,0,C,"Unknown",0.0
keno-oracle,Gambling & Betting,0,C,"Unknown",0.0
knnoo,Empty/Low Quality,0,C,"Unknown",0.0
lovable-custom-gpt,AI App Builders & No-Code,0,C,"Unknown",0.0
n8necobolt,Empty/Low Quality,0,C,"Unknown",0.0
orchids-poolday-ai-clone,Empty/Low Quality,0,C,"Unknown",0.0
platenhance,Empty/Low Quality,0,C,"Unknown",0.0
project-brain-forge,Project Management,0,C,"Unknown",0.0
roundabout,Empty/Low Quality,0,C,"Unknown",0.0
tellem,Empty/Low Quality,0,C,"Unknown",0.0
tellemthatsme,Empty/Low Quality,0,C,"Unknown",0.0
v0-ai-news-dashboard,Empty/Low Quality,0,C,"JS/TS",0.4
v0-ai-project-management-platform,Empty/Low Quality,0,C,"Unknown",0.0
v0-chat-history-organizer,Chatbots & Conversational AI,0,C,"Unknown",0.0
v0-untitled-project,Empty/Low Quality,0,C,"Unknown",0.0
voice-coding-assistant,Empty/Low Quality,0,C,"Unknown",0.0
zer01bolt,Empty/Low Quality,0,C,"Unknown",0.0
zeroonebolt,Empty/Low Quality,0,C,"Unknown",0.0