name,quality_score,deployable,has_dockerfile,has_tests,size_mb,file_count,has_readme,has_license
a-889354,40,False,False,False,1.25,133,True,False
accomplish,90,True,True,False,23.05,851,True,True
acidlink_ai-navigator-hub,90,True,True,False,1.67,241,True,True
acidlink_ai-research-monitor,65,False,False,False,1.34,208,True,True
acidlink_ai-voice-agency,90,True,True,False,1.47,201,True,True
acidlink_aicodeecoemerg,75,False,False,True,0.46,156,True,True
acidlink_apple-bug-bounty-profit-platform,65,False,False,False,1.44,189,True,True
acidlink_beat-clone,65,False,False,False,3.88,291,True,True
acidlink_cladstudioemerg,75,False,False,True,0.5,150,True,True
acidlink_clone-screenshot--chatgpt,65,False,False,False,1.49,217,True,True
acidlink_cosmic-craft-core,65,False,False,False,1.75,201,True,True
acidlink_drive-doctor-dash,65,False,False,False,1.51,210,True,True
acidlink_earn-big-now,65,False,False,False,1.45,215,True,True
acidlink_engage-nexus-metrics,65,False,False,False,1.34,181,True,True
acidlink_kamakaze-jarvis-inspired-ai-assistant,65,False,False,False,1.31,171,True,True
acidlink_kamakaze-jarvis-inspired-ai-assistant-1,65,False,False,False,1.45,172,True,True
acidlink_kamikaze-ai-buddy,90,True,True,False,1.34,180,True,True
acidlink_monetization-idea-generator,65,False,False,False,1.07,147,True,True
acidlink_nexus-farm-engine,65,False,False,False,1.33,197,True,True
acidlink_oz-hack-emporium,65,False,False,False,3.99,229,True,True
acidlink_perplexity-ai-clone,65,False,False,False,1.11,164,True,True
acidlink_perplexity-ai-clone-1,65,False,False,False,1.22,189,True,True
acidlink_project-hub,65,False,False,False,1.39,177,True,True
acidlink_remix-of-cosmic-craft-core,65,False,False,False,1.6,176,True,True
acidlink_roundabout-creator-platform,65,False,False,False,1.1,170,True,True
acidlink_v0-ai-assistant-framework,100,True,True,True,1.46,296,True,True
acidlink_v0-ai-ops-mission-control,100,True,True,True,2.33,248,True,True
acidlink_v0-api-key-manager,75,False,False,True,1.04,216,True,True
acidlink_vibecloneemergent,75,False,False,True,0.41,149,True,True
adk-rag-agent,65,False,False,False,0.08,67,True,True
aether-flow-orchestrator,75,True,True,False,1.18,195,True,False
affiliate-ai-platform,10,False,False,False,0.03,27,False,False
agent-nexus,40,False,False,False,1.25,177,True,False
agent-orchestrator,40,False,False,False,1.66,219,True,False
agent-zero,10,False,False,False,1.55,44,False,False
agenticSeek,75,False,False,True,16.82,198,True,True
agentive-ai-discovery-board,65,True,True,False,1.96,288,True,False
agents,65,False,False,False,0.22,114,True,True
ai,90,True,True,False,11.43,2100,True,True
ai-browser-playground-hub,65,True,True,False,1.5,211,True,False
ai-browser-playground-nexus,40,False,False,False,1.41,184,True,False
ai-business-platform,90,True,True,False,255.27,1704,True,True
ai-coder-hub,40,False,False,False,1.41,199,True,False
ai-coder-s-compass,40,False,False,False,1.43,195,True,False
ai-command-center,40,False,False,False,1.37,170,True,False
ai-command-center-nexus,40,False,False,False,1.73,218,True,False
ai-command-center-nexus-22,75,True,True,True,2.22,319,True,False
ai-crypto-ecosystem-complete,10,False,False,False,0.03,27,False,False
ai-crypto-trading--monitoring,40,False,False,False,1.2,182,True,False
ai-crypto-trading-ecosystem-complete,55,False,False,False,0.43,66,True,True
ai-deal-seeker-pro,40,False,False,False,2.06,237,True,False
ai-deals-master,40,False,False,False,1.85,209,True,False
ai-deals-nexus,40,False,False,False,1.03,184,True,False
ai-deals-oasis,75,True,True,True,1.61,282,True,False
ai-dev-command,65,True,True,False,1.49,199,True,False
ai-dev-command-1,40,False,False,False,2.18,226,True,False
ai-dev-command-41725,40,False,False,False,1.39,167,True,False
ai-dev-command-clone,50,False,False,True,1.44,252,True,False
ai-dev-flow-41,40,False,False,False,1.02,150,True,False
ai-dev-platform,40,False,False,False,1.24,199,True,False
ai-dev-team,40,False,False,False,1.23,163,True,False
ai-development-control-system,40,False,False,False,1.39,183,True,False
ai-ecosystem-builder,40,False,False,False,1.36,199,True,False
AI-Empire-Mission-Control,10,False,False,False,0.03,27,False,False
ai-empire-monitoring-suite,65,False,False,False,0.76,97,True,True
ai-gradio,65,False,False,False,0.54,88,True,True
ai-hub-command-center,40,False,False,False,2.13,216,True,False
ai-influencer-platform,25,False,False,False,0.03,46,False,True
ai-insight-hub,90,True,True,False,1.62,228,True,True
ai-keykeeper,65,True,True,False,1.6,233,True,False
ai-knowledge-weaver,40,False,False,False,1.97,234,True,False
ai-money-maker-au,40,False,False,False,1.53,175,True,False
ai-muse-studio,40,False,False,False,1.63,230,True,False
ai-music-director,40,False,False,False,1.77,160,True,False
ai-navigator-hub,40,False,False,False,1.67,238,True,False
ai-navigator-pro,40,False,False,False,0.87,140,True,False
ai-nexus-command-center,65,True,True,False,1.54,197,True,False
ai-nexus-command-center-13,40,False,False,False,1.51,203,True,False
ai-nexus-hub,40,False,False,False,1.66,240,True,False
ai-nexus-project-hub,40,False,False,False,1.17,178,True,False
ai-nexus-toolkit,40,False,False,False,1.59,237,True,False
ai-ops-nexus-hub,40,False,False,False,1.92,257,True,False
ai-phone-farm-platform,40,False,False,False,1.76,259,True,False
ai-phone-farming-platform,20,False,False,False,0.26,133,False,False
ai-pilot-house,40,False,False,False,1.32,157,True,False
ai-pilot-station,40,False,False,False,1.42,167,True,False
ai-project-manager-platform,40,False,False,False,1.57,244,True,False
ai-pulse-dashboard,40,False,False,False,1.88,240,True,False
ai-pulse-dashboard-72,65,True,True,False,1.9,246,True,False
ai-pulse-hub,40,False,False,False,1.21,154,True,False
ai-pulse-nexus-ticker,90,True,True,False,1.1,177,True,True
ai-research-monitor,40,False,False,False,1.34,206,True,False
ai-resource-guardian,65,True,True,False,2.14,257,True,False
ai-s-global-hub,40,False,False,False,1.31,161,True,False
ai-super-assistant-platform,65,False,False,False,3.2,124,True,True
ai-synthesis-machine,40,False,False,False,1.42,149,True,False
ai-tech-giga-dash,40,False,False,False,1.65,222,True,False
ai-text-stripper,40,False,False,False,1.39,198,True,False
ai-tool-discovery-platform,30,False,False,False,0.03,46,True,False
ai-tool-discovery-platform-1,30,False,False,False,0.03,46,True,False
ai-tool-discovery-platform-10,30,False,False,False,0.03,46,True,False
ai-tool-discovery-platform-11,30,False,False,False,0.03,46,True,False
ai-tool-discovery-platform-2,30,False,False,False,0.03,46,True,False
ai-tool-discovery-platform-3,30,False,False,False,0.03,46,True,False
ai-tool-discovery-platform-4,30,False,False,False,0.03,46,True,False
ai-tool-discovery-platform-5,30,False,False,False,0.03,46,True,False
ai-tool-discovery-platform-6,30,False,False,False,0.03,46,True,False
ai-tool-discovery-platform-7,30,False,False,False,0.03,46,True,False
ai-tool-discovery-platform-8,30,False,False,False,0.03,46,True,False
ai-tool-discovery-platform-9,30,False,False,False,0.03,46,True,False
ai-tool-guardian-angel,40,False,False,False,1.35,179,True,False
ai-toolkit-nexus-forge,40,False,False,False,1.74,216,True,False
ai-toolkit-nexus-forge-83,40,False,False,False,1.47,197,True,False
ai-tools-directory,10,False,False,False,0.03,27,False,False
ai-trial-tracker,40,False,False,False,1.28,201,True,False
ai-trial-tracker-pro,65,True,True,False,1.05,177,True,False
ai-usage-guardian-angel,40,False,False,False,1.96,216,True,False
ai-usage-navigator,40,False,False,False,1.92,230,True,False
ai-vibe-hub,40,False,False,False,1.8,260,True,False
ai-voice-agency,40,False,False,False,1.47,198,True,False
ai-wisdom-vault,40,False,False,False,2.05,223,True,False
ai-world-navigator,40,False,False,False,1.82,196,True,False
aiaccountoptimizer,10,False,False,False,0.03,27,False,False
AIAccountOptimizerreplit,10,False,False,False,0.03,27,False,False
AIChorus,10,False,False,False,0.03,27,False,False
aicodeecoemerg,50,False,False,True,0.46,154,True,False
aicodingassistbolt,40,False,False,False,0.5,75,True,False
aicodingbolt,40,False,False,False,1.34,121,True,False
aider,85,True,True,True,138.84,813,True,False
AiDiscountHunter,10,False,False,False,0.03,27,False,False
aiecosystem,40,False,False,False,0.91,138,True,False
AIFreeTierTrackerbolt,50,False,False,False,0.7,164,True,False
aigenius-toolkit,40,False,False,False,2.25,264,True,False
aiinggfbolt,40,False,False,False,1.37,146,True,False
aiittoolsbolt,40,False,False,False,0.57,113,True,False
aiproj,40,False,False,False,0.92,126,True,False
aiprojectbolt,40,False,False,False,0.48,84,True,False
aitoolkitbolt,40,False,False,False,0.64,110,True,False
aitoolv0,40,False,False,False,1.1,176,True,False
aittradingbolt,40,False,False,False,1.12,141,True,False
aiusage,10,False,False,False,0.03,27,False,False
aiusemaxbolt,40,False,False,False,0.37,91,True,False
aiworkspace,40,False,False,False,0.79,106,True,False
aiwriting,55,False,False,False,1.57,206,True,True
allinonecryptobolt,40,False,False,False,0.63,114,True,False
allone,40,False,False,False,0.82,203,True,False
allspark-dev-studio,40,False,False,False,1.37,172,True,False
alpha-ai-crypto-trader,75,True,True,False,2.14,214,True,False
alpha-ai-trade-hub,65,True,True,False,2.85,316,True,False
antique-vista-verify,75,True,True,False,1.51,215,True,False
api,10,False,False,False,0.03,27,False,False
api-idea-genesis,40,False,False,False,1.46,210,True,False
api-key-management-dashboard,10,False,False,False,0.03,27,False,False
ApiKeyFlow,10,False,False,False,0.03,27,False,False
apple-bug-bounty-profit-platform,40,False,False,False,1.44,187,True,False
arcana-craft,40,False,False,False,1.54,177,True,False
Archon,75,False,False,True,13.12,778,True,True
art-echo-creator,40,False,False,False,1.71,216,True,False
artbot-crypto-verse,40,False,False,False,1.11,147,True,False
artspark-gallery-verse,40,False,False,False,1.68,200,True,False
artspark-nft-haven,75,True,True,False,1.25,208,True,False
artspark-nft-hub,40,False,False,False,1.78,203,True,False
ashai,30,False,False,False,0.03,46,True,False
Ashlee69r_ai-dev-command,90,True,True,False,1.49,201,True,True
Ashlee69r_ai-dev-command-1,90,True,True,False,2.18,229,True,True
Ashlee69r_ai-dev-command-41725,90,True,True,False,1.39,170,True,True
Ashlee69r_ai-dev-command-clone,75,False,False,True,1.44,254,True,True
Ashlee69r_ai-ecosystem-builder,90,True,True,False,1.36,202,True,True
Ashlee69r_ai-hub-command-center,90,True,True,False,2.13,219,True,True
Ashlee69r_ai-knowledge-weaver,90,True,True,False,1.97,237,True,True
Ashlee69r_ai-music-director,90,True,True,False,1.77,163,True,True
Ashlee69r_ai-project-manager-platform,65,False,False,False,1.58,246,True,True
Ashlee69r_allone,65,False,False,False,0.82,205,True,True
Ashlee69r_australian-location-tracking-education,65,False,False,False,1.28,152,True,True
Ashlee69r_b-7161,75,False,False,True,1.53,251,True,True
Ashlee69r_base44clone,75,False,False,True,0.25,138,True,True
Ashlee69r_chat-harmony-archiver,65,False,False,False,0.97,154,True,True
Ashlee69r_chat-organizer-ultimate,90,True,True,False,1.71,263,True,True
Ashlee69r_chat-scribe-ai-organizer,90,True,True,False,1.62,232,True,True
Ashlee69r_chat-scribe-wiki-forge,65,False,False,False,1.14,200,True,True
Ashlee69r_chat-whisperer-ai-organizer,90,True,True,False,2.27,285,True,True
Ashlee69r_cortex-project-space,65,False,False,False,1.77,212,True,True
Ashlee69r_cortex-project-space-37294,65,False,False,False,1.67,214,True,True
Ashlee69r_cryptoclone,75,False,False,True,0.74,76,True,True
Ashlee69r_dating,65,False,False,False,0.6,146,True,True
Ashlee69r_multi-platform-monetization-strategy,65,False,False,False,2.2,266,True,True
Ashlee69r_repo-prompt-master,65,False,False,False,1.74,173,True,True
Ashlee69r_sky-share-viewer,65,False,False,False,0.99,148,True,True
Ashlee69r_socialv0,65,False,False,False,0.79,203,True,True
Ashlee69r_v0-clone-website,65,False,False,False,0.68,155,True,True
Ashlee69r_v0-prompt-organizer,65,False,False,False,0.42,96,True,True
Ashlee69r_v0-webui-for-text-analysis,90,True,True,False,1.23,228,True,True
aud-ai-saver,45,True,True,False,1.44,190,False,False
aus-ai-ascend,40,False,False,False,1.35,174,True,False
AusAIAgencybolt-,40,False,False,False,0.36,78,True,False
ausaiagentcybolt,40,False,False,False,0.35,77,True,False
aussie-ai-agency,40,False,False,False,1.62,195,True,False
aussie-burnout-legends,40,False,False,False,3.88,194,True,False
aussie-burnout-legends-61,40,False,False,False,4.45,223,True,False
aussie-deals-hub,40,False,False,False,1.76,243,True,False
aussie-earn,40,False,False,False,1.15,160,True,False
aussie-metal-mayhem-motors,65,True,True,False,8.61,329,True,False
australian-location-tracking-education,40,False,False,False,1.28,150,True,False
auto-researcher-pro,40,False,False,False,1.2,165,True,False
auto-synth-ops,40,False,False,False,1.45,162,True,False
automated-app-genesis,40,False,False,False,1.1,183,True,False
avatra-content-hive,40,False,False,False,0.95,134,True,False
awesome-agents,45,False,False,False,0.04,47,True,True
awesome-ai-agents,55,False,False,False,6.69,59,True,True
awesome-ai-coding-tools,45,False,False,False,0.08,50,True,True
awesome-ai-sdks,30,False,False,False,3.33,50,True,False
awesome-browser-automation,45,False,False,False,0.07,49,True,True
awesome-claude-agents,45,False,False,False,0.05,47,True,True
awesome-claude-code,45,False,False,False,0.07,49,True,True
awesome-claude-code-subagents,65,False,False,False,1.26,181,True,True
awesome-cli,65,False,False,True,0.83,97,True,True
awesome-cli-apps,55,False,False,False,0.3,56,True,True
Awesome-Code-LLM,45,False,False,False,0.43,51,True,True
awesome-coins,55,False,False,False,0.09,54,True,True
awesome-devtools,45,False,False,False,0.04,47,True,True
awesome-mcp-servers,55,False,False,False,0.99,55,True,True
awesome-n8n,30,False,False,False,0.06,46,True,False
awesome-n8n-templates,80,True,True,False,7.33,359,True,True
awesome-nocode-lowcode,55,False,False,False,0.06,56,True,True
awesome-selfhosted,55,False,False,False,0.47,57,True,True
awesome-ui-component-library,55,False,False,False,0.15,65,True,True
b-7161,60,False,False,True,1.53,250,True,False
base44clone,50,False,False,True,0.25,136,True,False
beacon-clone-trader-dash,40,False,False,False,3.24,430,True,False
beat-clone,55,False,False,False,3.88,290,True,True
bloom-boost-social,40,False,False,False,1.7,203,True,False
BMAD-METHOD,65,False,False,False,7.23,316,True,True
bolt.diy,90,True,True,False,6.41,591,True,True
bolt2,40,False,False,False,0.52,119,True,False
boltaicrypto,40,False,False,False,0.58,111,True,False
boltaidevprojdash,40,False,False,False,0.3,76,True,False
boltaiprojmanagement,10,False,False,False,0.03,47,False,False
boltaupromange,40,False,False,False,0.96,127,True,False
boltbookmarkhub,40,False,False,False,0.92,104,True,False
boltchathistoryorg,40,False,False,False,0.41,92,True,False
boltcrypto,50,False,False,False,0.96,135,True,False
bolthypercoding,10,False,False,False,0.03,27,False,False
boltknowledgemanagement,40,False,False,False,1.84,252,True,False
boltnew,40,False,False,False,0.76,164,True,False
boltnextgencrypto,40,False,False,False,0.53,100,True,False
boltrndabout,40,False,False,False,0.95,243,True,False
boltultagentsystem,55,False,False,False,0.49,98,True,True
bookcraft-nexus-publish,40,False,False,False,1.4,190,True,False
bookmark-buddy-sort,40,False,False,False,1.08,180,True,False
bot-bloom-capital,40,False,False,False,1.38,198,True,False
bot-trading-alpha-hub,40,False,False,False,2.73,316,True,False
bot-trading-maestro,75,True,True,True,1.3,189,True,False
bot-trading-renaissance-hub,40,False,False,False,1.79,199,True,False
brainstorm-architect,40,False,False,False,2.1,204,True,False
branch-buddy-deploy,40,False,False,False,1.53,183,True,False
brave-owl,10,False,False,False,0.03,27,False,False
browse-time-insight,40,False,False,False,1.48,160,True,False
browser-quad-vision,40,False,False,False,1.05,153,True,False
browser-use,100,True,True,True,6.02,487,True,True
c-2693,75,True,True,False,7.9,266,True,False
c-3685,65,True,True,False,3.61,325,True,False
c-389547,40,False,False,False,2.92,218,True,False
c-442780,75,True,True,False,1.17,168,True,False
c-692182,40,False,False,False,7.02,208,True,False
c-8316,40,False,False,False,3.0,228,True,False
c-855294,40,False,False,False,1.23,182,True,False
canvas-royale-market,75,True,True,False,1.42,200,True,False
ccxt,85,True,True,True,258.4,7677,True,False
charm-clone-assemble-verse,75,True,True,False,1.93,242,True,False
chat-harmony-archiver,40,False,False,False,0.97,152,True,False
chat-merge-mastery,40,False,False,False,1.87,211,True,False
chat-organizer-ultimate,65,True,True,False,1.71,261,True,False
chat-saga-sorter,50,False,False,True,1.57,217,True,False
chat-saga-sorter-ad13c3d7,50,False,False,True,1.59,217,True,False
chat-scribe-ai-organizer,40,False,False,False,1.62,229,True,False
chat-scribe-wiki-forge,40,False,False,False,1.14,198,True,False
chat-spark-organizer,55,False,False,False,1.98,271,True,True
chat-whisperer-ai-organizer,50,False,False,False,2.27,283,True,False
chatbolthiostory,40,False,False,False,0.61,120,True,False
chatexporterbolt,40,False,False,False,0.23,81,True,False
ChatGPT,55,False,False,False,0.27,70,True,True
chatgpt-file-organizer,40,False,False,False,0.98,150,True,False
chathistoryboplt,50,False,False,False,1.19,141,True,False
chatify-organizer,40,False,False,False,2.16,213,True,False
chatplatformbolt,40,False,False,False,1.44,140,True,False
chatprocessor,40,False,False,False,0.98,124,True,False
chatsortbolt,10,False,False,False,0.03,27,False,False
chatsortold,40,False,False,False,1.32,228,True,False
chatter-connect-analyze-now,40,False,False,False,1.78,215,True,False
chatty-app-factory,65,True,True,False,1.57,204,True,False
cherry-studio,100,True,True,True,39.35,2307,True,True
chrome-and-country-kings,40,False,False,False,1.47,217,True,False
cladstudioemerg,50,False,False,True,0.5,148,True,False
ClaraVerse,90,True,True,False,115.21,415,True,True
claraverse-evolve-ai-nexus,40,False,False,False,2.49,281,True,False
claude-agent-forge,40,False,False,False,1.48,278,True,False
claude-code-complete-backup,100,True,True,True,104.56,240,True,True
claude-code-router,90,True,True,False,9.37,157,True,True
claude-code-subagents,55,False,False,False,0.54,186,True,True
claude-conductor,75,False,False,True,0.91,142,True,True
claude-openrouter-enterprise-system,75,False,False,True,1.21,111,True,True
claude-task-master,100,True,True,True,10.77,879,True,True
claude-web-clone-magic,40,False,False,False,1.13,161,True,False
claudia,65,False,False,False,3.33,211,True,True
clone-screenshot--chatgpt,40,False,False,False,1.49,215,True,False
cloud-companion,65,True,True,False,1.61,230,True,False
cmsbolt,40,False,False,False,1.22,132,True,False
code-and-ai-tool-discount,10,False,False,False,0.03,27,False,False
code-archaeologist-ai-explorer,50,False,False,False,1.62,234,True,False
code-archaeologist-ai-forge,75,True,True,False,1.25,180,True,False
code-archaeologist-workbench,40,False,False,False,1.93,199,True,False
code-discovery-navigator,40,False,False,False,1.41,185,True,False
code-flow-oracle,40,False,False,False,1.65,217,True,False
code-lens-ai-review,40,False,False,False,1.04,178,True,False
code-narrative-alchemy,40,False,False,False,1.4,200,True,False
Code2Docs,50,False,False,False,0.27,70,True,False
codecraft-clone,40,False,False,False,1.34,191,True,False
codeguide,65,False,False,False,0.94,152,True,True
codesnipstripper,30,False,False,False,0.03,46,True,False
cognitive-prism-analyzer,40,False,False,False,1.83,214,True,False
cogno-control-center,85,True,True,True,1.34,204,True,False
coin-alchemy-ai,40,False,False,False,1.16,192,True,False
command-center-ai,40,False,False,False,1.57,178,True,False
comment-roulette-youtube,40,False,False,False,0.87,138,True,False
compcryptobolt,40,False,False,False,1.11,140,True,False
context-engineering-intro,65,False,False,False,0.09,64,True,True
context7,90,True,True,False,0.28,78,True,True
conversation-crafter,40,False,False,False,1.41,183,True,False
cortex-project-space,40,False,False,False,1.77,210,True,False
cortex-project-space-37294,40,False,False,False,1.66,212,True,False
cosmic-craft-core,55,False,False,False,1.75,200,True,True
cosmos-ai-desk,40,False,False,False,1.51,179,True,False
cplatform,40,False,False,False,0.94,202,True,False
craft-ai-stack,40,False,False,False,1.4,171,True,False
craft-your-world-87,40,False,False,False,2.0,259,True,False
crawlee,100,True,True,True,138.08,2613,True,True
create-volo-app,100,True,True,True,12.32,107,True,True
creation-forge-kit,40,False,False,False,2.06,210,True,False
creativeforge-nexus-studio,40,False,False,False,1.4,163,True,False
creatoros-clone,40,False,False,False,1.45,208,True,False
creatoros-clone-1,40,False,False,False,1.34,177,True,False
crewAI-examples,90,True,True,False,26.94,490,True,True
crush,65,False,False,False,4.07,811,True,True
crypto-ai-hivemind,40,False,False,False,1.9,208,True,False
crypto-ai-horizon-dashboard,40,False,False,False,1.02,169,True,False
crypto-ai-nexus-dashboard,100,True,True,True,2.14,273,True,True
crypto-ai-research--trading-hub,40,False,False,False,1.07,166,True,False
crypto-ai-research--trading-hub-1,40,False,False,False,1.03,168,True,False
crypto-ai-tradeflow-nexus,75,True,True,False,2.5,256,True,False
crypto-ai-trading-platform,40,False,False,False,1.17,197,True,False
crypto-all-in-one,75,True,True,False,1.47,206,True,False
crypto-automa-pilot,40,False,False,False,2.56,295,True,False
crypto-beacon-fusion-hub,75,True,True,False,5.19,580,True,False
crypto-beacon-trader-hub,65,False,False,False,3.2,466,True,True
crypto-beacon-trader-hub-11,75,True,True,False,4.35,720,True,False
crypto-command-center-lovable,40,False,False,False,2.18,309,True,False
crypto-cosmos-nexus,40,False,False,False,1.19,165,True,False
crypto-dream-trade-sim,65,False,False,False,2.53,291,True,True
crypto-dream-trade-sim-11,65,True,True,False,4.58,513,True,False
crypto-dream-trade-sim-18,40,False,False,False,3.76,413,True,False
crypto-dream-voyage-sim,40,False,False,False,1.02,154,True,False
crypto-finder--miner,40,False,False,False,1.41,288,True,False
crypto-flow-nexus-ai,65,True,True,False,1.29,208,True,False
crypto-forge-master,65,True,True,False,1.76,242,True,False
crypto-fusion-genesis,75,True,True,False,1.8,264,True,False
crypto-fusion-nexus-flow,40,False,False,False,2.32,251,True,False
crypto-fusion-quest,75,True,True,True,1.01,189,True,False
crypto-genesis-ai,40,False,False,False,0.93,163,True,False
crypto-lovable-trader,40,False,False,False,2.5,301,True,False
crypto-navigator-ai,40,False,False,False,1.85,191,True,False
crypto-nexus-automator,85,True,True,True,1.59,227,True,False
crypto-nexus-automator-41,10,False,False,False,0.03,27,False,False
crypto-nexus-automator-41-33e32191,10,False,False,False,0.03,27,False,False
crypto-nexus-automator-41-e423d3fc,10,False,False,False,0.03,27,False,False
crypto-nexus-compass,40,False,False,False,2.51,278,True,False
crypto-nexus-fusion,65,True,True,False,3.26,318,True,False
crypto-nexus-fusion-07,65,True,True,False,4.33,454,True,False
crypto-sim-alpha,75,True,True,False,1.27,173,True,False
crypto-vision-suite,65,True,True,False,2.65,353,True,False
crypto-woods-alpha,75,False,False,True,1.81,235,True,True
crypto-woods-trader-sim,75,True,True,False,1.53,192,True,False
crypto-woods-ulitmate-26,65,True,True,False,4.51,459,True,False
cryptoai-trade-commander,40,False,False,False,1.36,182,True,False
cryptoai-trade-forge,40,False,False,False,3.44,376,True,False
cryptoai-tradeflow-nexus,40,False,False,False,4.22,491,True,False
cryptobolt,40,False,False,False,1.0,105,True,False
cryptobot-nexus-ai,40,False,False,False,0.93,158,True,False
cryptoclone,50,False,False,True,0.74,74,True,False
cryptonaut-ai-terminal,40,False,False,False,2.31,262,True,False
cryptotrade-pro,10,False,False,False,0.03,27,False,False
cybersecurity-enterprise-suite,55,False,False,False,0.23,59,True,True
darkflow-ai-nexus,50,False,False,False,1.35,192,True,False
dating,40,False,False,False,0.6,144,True,False
deepclaude,90,True,True,False,2.07,127,True,True
DeepSeek-Coder-V2,55,False,False,False,4.64,59,True,True
deepwiki-open,100,True,True,True,7.08,190,True,True
deer-flow,100,True,True,True,6.31,388,True,True
design-source-hub,65,True,True,False,1.77,203,True,False
dev-chatgpt-prompts,30,False,False,False,0.06,46,True,False
dev-forge-omni,40,False,False,False,2.11,198,True,False
dev-plan-nexus,75,True,True,False,1.26,177,True,False
dev-stream-seek,40,False,False,False,1.66,169,True,False
dev-workflow-commander,10,False,False,False,0.03,27,False,False
devflow-matrix,40,False,False,False,1.31,196,True,False
DevMonitor-Widget,55,False,False,False,0.2,81,True,True
diagram-insight-ai,40,False,False,False,1.19,199,True,False
digest-email-forge,40,False,False,False,1.43,198,True,False
digital-trading-flow,40,False,False,False,2.9,337,True,False
directorybolt,40,False,False,False,0.25,76,True,False
ditto,55,False,False,False,0.06,53,True,True
docu-prime,40,False,False,False,1.05,156,True,False
dream-crypto-trade-sim,40,False,False,False,1.08,162,True,False
dream-trade-adventures-club,40,False,False,False,2.47,256,True,False
dream-trade-forge,40,False,False,False,1.38,173,True,False
drive-doctor-dash,40,False,False,False,1.51,208,True,False
dyad,90,True,True,False,4.24,381,True,True
earn-big-now,40,False,False,False,1.45,213,True,False
echo-chamber-of-wisdom,40,False,False,False,0.98,170,True,False
eliza,100,True,True,True,40.03,1908,True,True
ember-build-spark,40,False,False,False,1.19,177,True,False
emergent,50,False,False,True,0.27,128,True,False
Empire-Active-Labs,10,False,False,False,0.03,27,False,False
Empire-Brain-Scripts,10,False,False,False,0.03,27,False,False
Empire-Revenue-Suites,10,False,False,False,0.03,25,False,False
engage-boost-social-reach,65,True,True,False,2.03,201,True,False
engage-flow-insights-ai,40,False,False,False,1.55,191,True,False
engage-nexus-metrics,40,False,False,False,1.34,179,True,False
escorts--babes-clone,40,False,False,False,0.96,139,True,False
fastapi_mcp,75,False,False,True,0.81,150,True,True
favsort,40,False,False,False,0.53,140,True,False
firecrawl,75,False,False,True,44.91,877,True,True
firefox,40,False,False,False,0.44,89,True,False
Flowise,90,True,True,False,59.4,2546,True,True
forge-creative-flow,40,False,False,False,1.4,176,True,False
freeitbolt,40,False,False,False,1.03,128,True,False
freetrail,40,False,False,False,0.4,122,True,False
freetrailbolt,40,False,False,False,0.44,86,True,False
fusion-sight-navigator-buddy,40,False,False,False,0.89,139,True,False
fusion-vision-forge,40,False,False,False,0.86,134,True,False
gemini-cli,100,True,True,True,7.84,545,True,True
git-insight-hub,40,False,False,False,1.48,207,True,False
git-mcp,100,True,True,True,106.81,267,True,True
githubdoco,40,False,False,False,0.89,103,True,False
githubhubbolt,40,False,False,False,0.37,92,True,False
githubrepoanalyzer,40,False,False,False,0.49,125,True,False
goose,90,True,True,False,129.6,624,True,True
guardian-ai-speak,40,False,False,False,1.38,196,True,False
hackathonbolt,50,False,False,False,1.24,176,True,False
Harvard-Algorithmic-Trading-with-AI,65,False,False,False,8.54,71,True,True
hermes-agent,100,True,True,True,31.57,1632,True,True
hyperdrive-ai-nexus,40,False,False,False,1.35,175,True,False
hyperlink-organizer-plus,40,False,False,False,1.26,172,True,False
ideaforgemobilebolt,40,False,False,False,0.71,82,True,False
idealaunch-hub,75,True,True,False,1.89,212,True,False
image-code-scholar,40,False,False,False,1.14,186,True,False
influence-bloom-hub,40,False,False,False,1.1,166,True,False
insight-enterprise-ai-nexus,40,False,False,False,1.21,185,True,False
insight-garden-craft,40,False,False,False,1.33,152,True,False
InstantCoder,65,False,False,False,6.19,124,True,True
intellicode-nexus,40,False,False,False,0.99,144,True,False
intellitool-dash,40,False,False,False,1.32,164,True,False
JARVIS-Ecosystem,40,False,False,True,0.59,103,True,False
kamakaze-jarvis-inspired-ai-assistant,40,False,False,False,1.31,169,True,False
kamakaze-jarvis-inspired-ai-assistant-1,40,False,False,False,1.45,170,True,False
kamikaze-ai-buddy,40,False,False,False,1.34,177,True,False
kbbolt,40,False,False,False,0.51,92,True,False
kbbolt2,40,False,False,False,0.24,49,True,False
keno-oracle,10,False,False,False,0.03,27,False,False
keno-oz-oracle,40,False,False,False,1.91,201,True,False
kenobolt,40,False,False,False,0.59,104,True,False
keymaster-bot,55,False,False,False,1.71,173,True,True
knnoo,30,False,False,False,0.03,46,True,False
knowl-ai-nexus,40,False,False,False,0.92,155,True,False
ladybird,100,True,True,True,106.4,16009,True,True
leahmfoots_a-889354,65,False,False,False,1.25,135,True,True
leahmfoots_ai-coder-s-compass,90,True,True,False,1.43,198,True,True
leahmfoots_ai-deals-master,90,True,True,False,1.85,212,True,True
leahmfoots_ai-dev-platform,65,False,False,False,1.24,201,True,True
leahmfoots_ai-development-control-system,65,False,False,False,1.39,185,True,True
leahmfoots_ai-pilot-house,90,True,True,False,1.33,160,True,True
leahmfoots_ai-pilot-station,65,False,False,False,1.43,169,True,True
leahmfoots_ai-pulse-hub,65,False,False,False,1.22,156,True,True
leahmfoots_ai-tool-discovery-platform,55,False,False,False,0.03,48,True,True
leahmfoots_ai-tool-discovery-platform-1,55,False,False,False,0.03,48,True,True
leahmfoots_ai-tool-discovery-platform-11,55,False,False,False,0.03,48,True,True
leahmfoots_ai-tool-discovery-platform-3,55,False,False,False,0.03,48,True,True
leahmfoots_ai-tool-discovery-platform-4,55,False,False,False,0.03,48,True,True
leahmfoots_ai-tool-discovery-platform-5,55,False,False,False,0.03,48,True,True
leahmfoots_ai-tool-discovery-platform-6,55,False,False,False,0.03,48,True,True
leahmfoots_ai-tool-discovery-platform-7,55,False,False,False,0.03,48,True,True
leahmfoots_ai-trial-tracker,65,False,False,False,1.28,203,True,True
leahmfoots_ai-usage-guardian-angel,65,False,False,False,1.96,218,True,True
leahmfoots_ai-vibe-hub,65,False,False,False,1.81,262,True,True
leahmfoots_aigenius-toolkit,65,False,False,False,2.25,266,True,True
leahmfoots_aiproj,65,False,False,False,0.92,128,True,True
leahmfoots_aitoolv0,65,False,False,False,1.1,178,True,True
leahmfoots_artspark-gallery-verse,65,False,False,False,1.68,202,True,True
leahmfoots_artspark-nft-hub,65,False,False,False,1.78,205,True,True
leahmfoots_aussie-earn,65,False,False,False,1.15,162,True,True
leahmfoots_boltaicrypto,65,False,False,False,0.58,113,True,True
leahmfoots_boltaidevprojdash,65,False,False,False,0.3,78,True,True
leahmfoots_boltaupromange,65,False,False,False,0.96,129,True,True
leahmfoots_boltbookmarkhub,65,False,False,False,0.92,106,True,True
leahmfoots_boltchathistoryorg,65,False,False,False,0.41,94,True,True
leahmfoots_boltknowledgemanagement,65,False,False,False,1.84,254,True,True
leahmfoots_boltnextgencrypto,65,False,False,False,0.53,102,True,True
leahmfoots_boltrndabout,65,False,False,False,0.96,245,True,True
leahmfoots_boltultagentsystem,65,False,False,False,0.49,99,True,True
leahmfoots_c-389547,65,False,False,False,2.92,220,True,True
leahmfoots_code-archaeologist-workbench,65,False,False,False,1.93,201,True,True
leahmfoots_codecraft-clone,65,False,False,False,1.34,193,True,True
leahmfoots_command-center-ai,65,False,False,False,1.57,180,True,True
leahmfoots_comment-roulette-youtube,65,False,False,False,0.87,140,True,True
leahmfoots_creation-forge-kit,65,False,False,False,2.06,212,True,True
leahmfoots_creativeforge-nexus-studio,65,False,False,False,1.4,165,True,True
leahmfoots_crypto-nexus-compass,65,False,False,False,2.51,280,True,True
leahmfoots_darkflow-ai-nexus,65,False,False,False,1.35,193,True,True
leahmfoots_escorts--babes-clone,65,False,False,False,0.96,141,True,True
leahmfoots_favsort,65,False,False,False,0.53,142,True,True
leahmfoots_fusion-vision-forge,65,False,False,False,0.86,136,True,True
leahmfoots_influence-bloom-hub,65,False,False,False,1.1,168,True,True
leahmfoots_meme-verse-oracle,65,False,False,False,1.49,176,True,True
leahmfoots_model-morph-deploy,65,False,False,False,1.42,161,True,True
leahmfoots_orchids-ai-coder-s-live-dashboard,65,False,False,False,1.2,150,True,True
leahmfoots_prodev-accelerator,65,False,False,False,1.37,170,True,True
leahmfoots_projectzen-ai-dashboard,65,False,False,False,1.44,204,True,True
leahmfoots_promethus-ai-toolkit,90,True,True,False,2.53,261,True,True
leahmfoots_quad-view-grid,90,True,True,False,1.04,170,True,True
leahmfoots_quad-view-nexus,65,False,False,False,0.98,155,True,True
leahmfoots_rogue-parrot-command-center,65,False,False,False,1.27,196,True,True
leahmfoots_social-boost-circle-09963,65,False,False,False,3.08,372,True,True
leahmfoots_the-lovable-dev-hub,65,False,False,False,2.25,248,True,True
leahmfoots_ultimate-agent-system,65,False,False,False,1.24,183,True,True
leahmfoots_ultimate-agent-system-1,65,False,False,False,1.12,151,True,True
leahmfoots_v0-ai-coding-assistants,65,False,False,False,0.44,94,True,True
leahmfoots_v0-ai-coding-tools-directory,65,False,False,False,0.44,135,True,True
leahmfoots_v0-ai-mission-control,65,False,False,False,0.39,91,True,True
leahmfoots_v0-ai-news-dashboard,65,False,False,False,0.59,145,True,True
leahmfoots_v0-ai-powered-chat-tool,65,False,False,False,0.49,129,True,True
leahmfoots_v0-ai-project-management-tool,65,False,False,False,0.88,175,True,True
leahmfoots_v0-ai-tool-list,65,False,False,False,0.75,164,True,True
leahmfoots_v0-ai-tools-directory,65,False,False,False,0.44,156,True,True
leahmfoots_v0-browser-favorites-app,65,False,False,False,0.42,111,True,True
leahmfoots_v0-comprehensive-content-system,55,False,False,False,0.14,76,True,True
leahmfoots_v0-crypto-trading-platform,65,False,False,False,0.6,160,True,True
leahmfoots_v0-iframe-state-preservation,65,False,False,False,0.32,95,True,True
leahmfoots_v0-image-analysis,65,False,False,False,0.3,93,True,True
leahmfoots_v0-music-and-video-platform,65,False,False,False,0.86,159,True,True
leahmfoots_v0-prompt-os-app-build,65,False,False,False,0.78,189,True,True
leahmfoots_v0-prompt-os-dashboard,65,False,False,False,0.97,205,True,True
leahmfoots_v0-v0-dev-project-management,100,True,True,True,12.99,231,True,True
leahmfoots_voice-spark-incubator,65,False,False,False,0.82,130,True,True
leahmfoots_youware-fullscreen-clone,65,False,False,False,1.0,173,True,True
leahmfoots_zeronev0,65,False,False,False,0.52,140,True,True
leaked-system-prompts,90,True,True,False,25.35,129,True,True
learn-typescript-from-python,80,True,True,False,52.11,2957,True,True
legacy-compass,40,False,False,False,1.17,147,True,False
legacy-video-forge,40,False,False,False,1.71,223,True,False
linkwarden,80,True,True,False,19.07,920,True,True
litellm,100,True,True,True,421.63,4641,True,True
local-ai-packaged,55,False,False,False,8.06,82,True,True
local-operator,100,True,True,True,157.11,203,True,True
lovable-api-genesis,40,False,False,False,1.08,154,True,False
lovable-complex-creator,65,True,True,False,1.84,206,True,False
lovable-trading-sight,40,False,False,False,0.85,134,True,False
lovable-view-hub-nexus,40,False,False,False,1.69,209,True,False
loving-crypto-insights,40,False,False,False,1.49,223,True,False
lumen-ai-pulse,40,False,False,False,1.19,152,True,False
mcp-crawl4ai-rag,90,True,True,False,0.43,60,True,True
mcp-demo,65,False,False,False,0.43,65,True,True
mcp-use,100,True,True,True,12.36,243,True,True
meme-finding,40,False,False,False,2.07,230,True,False
meme-verse-oracle,40,False,False,False,1.49,174,True,False
metamcp,90,True,True,False,3.75,329,True,True
model-morph-deploy,40,False,False,False,1.42,159,True,False
monetization-dashboard,40,False,False,False,1.42,162,True,False
monetization-idea-generator,40,False,False,False,1.07,145,True,False
money-mint-machine,40,False,False,False,1.55,185,True,False
moneymakerbolt,40,False,False,False,0.42,78,True,False
moon-dev-ai-agents,100,True,True,True,371.13,7638,True,True
moon-dev-ai-agents-for-trading,90,True,True,False,650.15,361,True,True
Moon-Dev-Code,55,False,False,False,7.55,55,True,True
multi-agent-coding-environment,65,False,False,True,0.51,98,True,True
multi-key-mind,65,True,True,False,1.39,214,True,False
multi-platform-monetization-strategy,40,False,False,False,2.2,264,True,False
my-life-verified,40,False,False,False,0.96,161,True,False
n8n,100,True,True,True,81.22,13576,True,True
n8n-verse,40,False,False,False,1.33,173,True,False
n8necobolt,10,False,False,False,0.03,46,False,False
nautilus_trader,100,True,True,True,119.43,3610,True,True
nexus-farm-engine,40,False,False,False,1.32,195,True,False
no-code-architects-toolkit,90,True,True,False,130.66,308,True,True
nocodeexplorerbolt,40,False,False,False,0.53,103,True,False
omnara,75,False,False,True,91.98,276,True,True
onthereg-vscode-extension,55,False,False,False,0.05,57,True,True
open-lovable,100,True,True,True,1.13,153,True,True
Open-lovable-DIY,100,True,True,True,1.23,191,True,True
open-source-showcase,40,False,False,False,2.01,257,True,False
open-webui,100,True,True,True,145.16,4998,True,True
openclaw-hub,40,False,False,False,1.17,182,True,False
OpenDeepWiki,65,False,False,False,28.46,673,True,True
openrouter-ai-ecosystem,100,True,True,True,107.01,580,True,True
openrouter-archon-unlimited-ai,65,False,False,True,0.79,74,True,True
orchids-ai-coder-s-live-dashboard,40,False,False,False,1.2,148,True,False
orchids-devsuite,40,False,False,False,1.16,135,True,False
orchids-poolday-ai-clone,10,False,False,False,0.03,27,False,False
ottomator-agents,100,True,True,True,105.22,724,True,True
oz-hack-emporium,40,False,False,False,3.99,227,True,False
perplexity-ai-clone,40,False,False,False,1.1,162,True,False
perplexity-ai-clone-1,40,False,False,False,1.22,187,True,False
persona-craft-agency,40,False,False,False,1.27,165,True,False
pipedream,90,True,True,False,578.16,39019,True,True
plandex,100,True,True,True,57.96,849,True,True
platenhance,10,False,False,False,0.03,27,False,False
playwright-mcp,100,True,True,True,0.83,187,True,True
poke-marvel-market,40,False,False,False,1.46,203,True,False
portalaibolt,40,False,False,False,0.22,65,True,False
prodev-accelerator,40,False,False,False,1.37,168,True,False
productblueprintbolt,40,False,False,False,0.55,96,True,False
project-confluence-magic,40,False,False,False,1.83,165,True,False
project-genesis,40,False,False,False,1.43,236,True,False
project-genesis-ai,40,False,False,False,1.45,238,True,False
project-hub,40,False,False,False,1.39,175,True,False
project-sage-haven,65,True,True,False,1.81,199,True,False
project-sifter,40,False,False,False,1.71,195,True,False
projectbolt,40,False,False,False,0.24,71,True,False
projectmanagemenbolt,50,False,False,False,0.8,124,True,False
projectzen-ai-dashboard,50,False,False,False,1.44,203,True,False
projmanagementhub,40,False,False,False,1.1,109,True,False
promethus-ai-toolkit,65,True,True,False,2.53,259,True,False
prompt-waterfall-blitz,40,False,False,False,1.89,193,True,False
promptbrain-organizer-ai,40,False,False,False,1.51,205,True,False
prompthubbolt,50,False,False,False,1.57,236,True,False
prompts,10,False,False,False,0.08,52,False,False
prompts.chat,90,True,True,False,206.72,1805,True,True
PydanticAI-Research-Agent,75,False,False,True,0.54,136,True,True
quad-view-grid,90,True,True,False,1.04,170,True,True
quad-view-nexus,40,False,False,False,0.98,153,True,False
quantify-ai-trader,40,False,False,False,1.49,197,True,False
Qwen,100,True,True,True,34.69,224,True,True
remix-of-cosmic-craft-core,40,False,False,False,1.6,174,True,False
remote-access-tool,90,True,True,False,10.74,125,True,True
remote-agentic-coding-system,100,True,True,True,1.39,208,True,True
repo-prompt-master,40,False,False,False,1.74,171,True,False
repo-rite,75,True,True,True,1.84,204,True,False
repo-wizard-supreme,65,True,True,False,3.58,374,True,False
repo-wizard-unleashed,40,False,False,False,3.05,318,True,False
research-loop-dashboard,40,False,False,False,2.16,207,True,False
rest-express-replit,55,False,False,False,0.03,48,True,True
rogue-parrot-command-center,40,False,False,False,1.27,194,True,False
Roo-Code,80,True,True,False,10.85,1472,True,True
roundabout,30,False,False,False,0.03,46,True,False
roundabout-creator-hub,40,False,False,False,1.57,161,True,False
roundabout-creator-platform,40,False,False,False,1.1,168,True,False
scrape-automator-wizard,40,False,False,False,2.35,281,True,False
scrapy,75,False,False,True,5.85,651,True,True
self-hosted-ai-starter-kit,55,False,False,False,7.84,60,True,True
servers,75,False,False,True,1.3,147,True,True
short-crypto-to-0-trading-bot,65,False,False,False,0.11,57,True,True
sketch-to-artifact-builder,40,False,False,False,1.21,158,True,False
sky-share-viewer,40,False,False,False,0.99,146,True,False
social-boost-circle,65,False,False,False,2.55,324,True,True
social-boost-circle-09963,40,False,False,False,3.08,370,True,False
socialautomationbolt,40,False,False,False,0.62,118,True,False
socialmediabolt,50,False,False,False,2.08,171,True,False
socialv0,40,False,False,False,0.79,201,True,False
socmedia,40,False,False,False,0.92,199,True,False
solana-trading-bot-v2,65,False,False,False,1.09,90,True,True
spec-kit,65,False,False,False,4.29,96,True,True
story-loom-video,40,False,False,False,1.69,205,True,False
supabase-mcp,65,False,False,False,0.86,137,True,True
super-coach-pro,55,False,False,False,0.43,164,True,True
superclaude,65,False,False,False,0.13,61,True,True
superclaudezz,65,False,False,False,0.13,59,True,True
swift-chat-ai-dock,40,False,False,False,0.81,131,True,False
system-prompts-and-models-of-ai-tools,55,False,False,False,0.64,84,True,True
system_prompts_leaks,55,False,False,False,0.33,56,True,True
tab-time-automator,65,True,True,False,1.27,165,True,False
taskmanagekanbanbolt,40,False,False,False,0.57,134,True,False
tellem,30,False,False,False,0.03,46,True,False
tellemthatsme,30,False,False,False,0.03,46,True,False
tellemthatsme_ai-browser-playground-hub,90,True,True,False,1.5,215,True,True
tellemthatsme_ai-browser-playground-nexus,65,False,False,False,1.41,188,True,True
tellemthatsme_ai-command-center-nexus-22,100,True,True,True,2.22,323,True,True
tellemthatsme_ai-deal-seeker-pro,65,False,False,False,2.06,241,True,True
tellemthatsme_ai-dev-flow-41,65,False,False,False,1.02,154,True,True
tellemthatsme_ai-muse-studio,65,False,False,False,1.63,234,True,True
tellemthatsme_ai-navigator-pro,65,False,False,False,0.87,144,True,True
tellemthatsme_ai-nexus-command-center,90,True,True,False,1.54,201,True,True
tellemthatsme_ai-nexus-command-center-13,65,False,False,False,1.51,207,True,True
tellemthatsme_ai-nexus-project-hub,65,False,False,False,1.17,182,True,True
tellemthatsme_ai-phone-farm-platform,65,False,False,False,1.76,263,True,True
tellemthatsme_ai-phone-farming-platform,65,False,False,False,0.26,138,True,True
tellemthatsme_ai-pulse-dashboard,65,False,False,False,1.88,244,True,True
tellemthatsme_ai-pulse-dashboard-72,90,True,True,False,1.9,250,True,True
tellemthatsme_ai-pulse-nexus-ticker,90,True,True,False,1.1,179,True,True
tellemthatsme_ai-s-global-hub,65,False,False,False,1.31,165,True,True
tellemthatsme_ai-synthesis-machine,65,False,False,False,1.42,153,True,True
tellemthatsme_ai-tech-giga-dash,65,False,False,False,1.65,226,True,True
tellemthatsme_ai-tool-guardian-angel,65,False,False,False,1.35,183,True,True
tellemthatsme_ai-toolkit-nexus-forge,65,False,False,False,1.74,220,True,True
tellemthatsme_ai-toolkit-nexus-forge-83,65,False,False,False,1.47,201,True,True
tellemthatsme_ai-world-navigator,65,False,False,False,1.82,200,True,True
tellemthatsme_aicodingassistbolt,65,False,False,False,0.5,79,True,True
tellemthatsme_aicodingbolt,65,False,False,False,1.34,125,True,True
tellemthatsme_aiecosystem,65,False,False,False,0.91,142,True,True
tellemthatsme_AIFreeTierTrackerbolt,65,False,False,False,0.7,167,True,True
tellemthatsme_aiinggfbolt,65,False,False,False,1.37,150,True,True
tellemthatsme_aiprojectbolt,65,False,False,False,0.48,88,True,True
tellemthatsme_aitoolkitbolt,65,False,False,False,0.64,114,True,True
tellemthatsme_aittradingbolt,65,False,False,False,1.12,145,True,True
tellemthatsme_aiwriting,65,False,False,False,1.57,209,True,True
tellemthatsme_allinonecryptobolt,65,False,False,False,0.63,118,True,True
tellemthatsme_allspark-dev-studio,65,False,False,False,1.37,176,True,True
tellemthatsme_arcana-craft,65,False,False,False,1.54,181,True,True
tellemthatsme_artbot-crypto-verse,65,False,False,False,1.11,151,True,True
tellemthatsme_AusAIAgencybolt-,65,False,False,False,0.36,82,True,True
tellemthatsme_ausaiagentcybolt,65,False,False,False,0.35,81,True,True
tellemthatsme_aussie-burnout-legends,65,False,False,False,3.88,198,True,True
tellemthatsme_aussie-burnout-legends-61,65,False,False,False,4.45,227,True,True
tellemthatsme_aussie-deals-hub,65,False,False,False,1.76,247,True,True
tellemthatsme_automated-app-genesis,65,False,False,False,1.11,187,True,True
tellemthatsme_avatra-content-hive,65,False,False,False,0.95,138,True,True
tellemthatsme_bloom-boost-social,65,False,False,False,1.71,207,True,True
tellemthatsme_bookcraft-nexus-publish,65,False,False,False,1.4,194,True,True
tellemthatsme_bot-trading-alpha-hub,65,False,False,False,2.73,320,True,True
tellemthatsme_bot-trading-maestro,100,True,True,True,1.3,193,True,True
tellemthatsme_bot-trading-renaissance-hub,65,False,False,False,1.79,203,True,True
tellemthatsme_brainstorm-architect,65,False,False,False,2.1,208,True,True
tellemthatsme_browse-time-insight,65,False,False,False,1.48,164,True,True
tellemthatsme_browser-quad-vision,65,False,False,False,1.05,157,True,True
tellemthatsme_chat-merge-mastery,65,False,False,False,1.87,215,True,True
tellemthatsme_chat-saga-sorter,75,False,False,True,1.57,221,True,True
tellemthatsme_chat-saga-sorter-ad13c3d7,75,False,False,True,1.6,221,True,True
tellemthatsme_chatbolthiostory,65,False,False,False,0.62,124,True,True
tellemthatsme_chatexporterbolt,65,False,False,False,0.23,85,True,True
tellemthatsme_chathistoryboplt,65,False,False,False,1.19,144,True,True
tellemthatsme_chatify-organizer,65,False,False,False,2.16,217,True,True
tellemthatsme_chatplatformbolt,65,False,False,False,1.45,144,True,True
tellemthatsme_chatprocessor,65,False,False,False,0.99,128,True,True
tellemthatsme_chatsortold,65,False,False,False,1.32,232,True,True
tellemthatsme_chatty-app-factory,90,True,True,False,1.57,208,True,True
tellemthatsme_claude-agent-forge,65,False,False,False,1.48,282,True,True
tellemthatsme_cmsbolt,65,False,False,False,1.22,136,True,True
tellemthatsme_code-discovery-navigator,65,False,False,False,1.41,189,True,True
tellemthatsme_code-lens-ai-review,65,False,False,False,1.04,182,True,True
tellemthatsme_code-narrative-alchemy,65,False,False,False,1.4,204,True,True
tellemthatsme_compcryptobolt,65,False,False,False,1.11,144,True,True
tellemthatsme_conversation-crafter,65,False,False,False,1.41,187,True,True
tellemthatsme_cosmos-ai-desk,65,False,False,False,1.51,183,True,True
tellemthatsme_craft-ai-stack,65,False,False,False,1.4,175,True,True
tellemthatsme_craft-your-world-87,65,False,False,False,2.0,263,True,True
tellemthatsme_creatoros-clone,65,False,False,False,1.45,212,True,True
tellemthatsme_creatoros-clone-1,65,False,False,False,1.34,181,True,True
tellemthatsme_crypto-command-center-lovable,65,False,False,False,2.18,313,True,True
tellemthatsme_crypto-genesis-ai,65,False,False,False,0.93,167,True,True
tellemthatsme_cryptobolt,65,False,False,False,1.0,109,True,True
tellemthatsme_cryptobot-nexus-ai,65,False,False,False,0.93,162,True,True
tellemthatsme_dev-stream-seek,65,False,False,False,1.66,173,True,True
tellemthatsme_devflow-matrix,65,False,False,False,1.31,200,True,True
tellemthatsme_diagram-insight-ai,65,False,False,False,1.19,203,True,True
tellemthatsme_dream-crypto-trade-sim,65,False,False,False,1.08,166,True,True
tellemthatsme_ember-build-spark,65,False,False,False,1.19,181,True,True
tellemthatsme_emergent,75,False,False,True,0.27,132,True,True
tellemthatsme_engage-boost-social-reach,90,True,True,False,2.03,205,True,True
tellemthatsme_engage-flow-insights-ai,65,False,False,False,1.55,195,True,True
tellemthatsme_firefox,65,False,False,False,0.44,93,True,True
tellemthatsme_forge-creative-flow,65,False,False,False,1.4,180,True,True
tellemthatsme_freeitbolt,65,False,False,False,1.03,132,True,True
tellemthatsme_freetrail,65,False,False,False,0.4,126,True,True
tellemthatsme_freetrailbolt,65,False,False,False,0.45,90,True,True
tellemthatsme_fusion-sight-navigator-buddy,65,False,False,False,0.89,143,True,True
tellemthatsme_git-insight-hub,65,False,False,False,1.48,211,True,True
tellemthatsme_githubdoco,65,False,False,False,0.9,107,True,True
tellemthatsme_githubhubbolt,65,False,False,False,0.37,96,True,True
tellemthatsme_githubrepoanalyzer,65,False,False,False,0.49,129,True,True
tellemthatsme_guardian-ai-speak,65,False,False,False,1.38,200,True,True
tellemthatsme_hackathonbolt,65,False,False,False,1.24,179,True,True
tellemthatsme_hyperdrive-ai-nexus,65,False,False,False,1.35,179,True,True
tellemthatsme_hyperlink-organizer-plus,65,False,False,False,1.26,176,True,True
tellemthatsme_ideaforgemobilebolt,65,False,False,False,0.71,86,True,True
tellemthatsme_idealaunch-hub,90,True,True,False,1.89,215,True,True
tellemthatsme_image-code-scholar,65,False,False,False,1.14,190,True,True
tellemthatsme_insight-enterprise-ai-nexus,65,False,False,False,1.21,189,True,True
tellemthatsme_insight-garden-craft,65,False,False,False,1.33,156,True,True
tellemthatsme_intellicode-nexus,65,False,False,False,1.0,148,True,True
tellemthatsme_intellitool-dash,65,False,False,False,1.32,168,True,True
tellemthatsme_JARVIS-Ecosystem,65,False,False,True,0.59,107,True,True
tellemthatsme_kbbolt,65,False,False,False,0.51,96,True,True
tellemthatsme_kbbolt2,65,False,False,False,0.24,51,True,True
tellemthatsme_keno-oz-oracle,65,False,False,False,1.91,205,True,True
tellemthatsme_kenobolt,65,False,False,False,0.59,108,True,True
tellemthatsme_keymaster-bot,90,True,True,False,1.71,177,True,True
tellemthatsme_knnoo,55,False,False,False,0.03,48,True,True
tellemthatsme_knowl-ai-nexus,65,False,False,False,0.92,159,True,True
tellemthatsme_legacy-compass,65,False,False,False,1.17,151,True,True
tellemthatsme_legacy-video-forge,65,False,False,False,1.71,227,True,True
tellemthatsme_lovable-api-genesis,65,False,False,False,1.08,158,True,True
tellemthatsme_lovable-complex-creator,90,True,True,False,1.84,210,True,True
tellemthatsme_lovable-trading-sight,65,False,False,False,0.85,138,True,True
tellemthatsme_lovable-view-hub-nexus,65,False,False,False,1.69,213,True,True
tellemthatsme_loving-crypto-insights,65,False,False,False,1.49,227,True,True
tellemthatsme_lumen-ai-pulse,65,False,False,False,1.19,156,True,True
tellemthatsme_meme-finding,65,False,False,False,2.07,234,True,True
tellemthatsme_monetization-dashboard,65,False,False,False,1.42,166,True,True
tellemthatsme_money-mint-machine,65,False,False,False,1.56,189,True,True
tellemthatsme_moneymakerbolt,65,False,False,False,0.42,82,True,True
tellemthatsme_multi-key-mind,90,True,True,False,1.39,218,True,True
tellemthatsme_my-life-verified,65,False,False,False,0.96,165,True,True
tellemthatsme_n8n-verse,65,False,False,False,1.33,177,True,True
tellemthatsme_nocodeexplorerbolt,65,False,False,False,0.53,107,True,True
tellemthatsme_open-source-showcase,65,False,False,False,2.01,261,True,True
tellemthatsme_openrouter-archon-unlimited-ai,75,False,False,True,0.79,77,True,True
tellemthatsme_orchids-devsuite,65,False,False,False,1.17,139,True,True
tellemthatsme_persona-craft-agency,65,False,False,False,1.28,169,True,True
tellemthatsme_poke-marvel-market,65,False,False,False,1.46,207,True,True
tellemthatsme_portalaibolt,65,False,False,False,0.22,69,True,True
tellemthatsme_productblueprintbolt,65,False,False,False,0.55,100,True,True
tellemthatsme_project-confluence-magic,65,False,False,False,1.83,169,True,True
tellemthatsme_project-genesis,65,False,False,False,1.43,240,True,True
tellemthatsme_project-genesis-ai,65,False,False,False,1.45,242,True,True
tellemthatsme_project-sage-haven,90,True,True,False,1.81,203,True,True
tellemthatsme_project-sifter,65,False,False,False,1.72,199,True,True
tellemthatsme_projectbolt,65,False,False,False,0.24,75,True,True
tellemthatsme_projectmanagemenbolt,65,False,False,False,0.8,127,True,True
tellemthatsme_projmanagementhub,65,False,False,False,1.1,113,True,True
tellemthatsme_prompt-waterfall-blitz,65,False,False,False,1.89,197,True,True
tellemthatsme_promptbrain-organizer-ai,65,False,False,False,1.51,209,True,True
tellemthatsme_prompthubbolt,65,False,False,False,1.57,239,True,True
tellemthatsme_quantify-ai-trader,65,False,False,False,1.49,201,True,True
tellemthatsme_repo-rite,100,True,True,True,1.84,208,True,True
tellemthatsme_repo-wizard-supreme,90,True,True,False,3.58,378,True,True
tellemthatsme_repo-wizard-unleashed,65,False,False,False,3.05,322,True,True
tellemthatsme_research-loop-dashboard,65,False,False,False,2.16,211,True,True
tellemthatsme_roundabout-creator-hub,65,False,False,False,1.57,165,True,True
tellemthatsme_scrape-automator-wizard,65,False,False,False,2.35,285,True,True
tellemthatsme_sketch-to-artifact-builder,65,False,False,False,1.21,160,True,True
tellemthatsme_socialautomationbolt,65,False,False,False,0.62,120,True,True
tellemthatsme_socialmediabolt,65,False,False,False,2.08,172,True,True
tellemthatsme_socmedia,65,False,False,False,0.93,201,True,True
tellemthatsme_story-loom-video,65,False,False,False,1.69,207,True,True
tellemthatsme_swift-chat-ai-dock,65,False,False,False,0.81,133,True,True
tellemthatsme_tab-time-automator,90,True,True,False,1.27,167,True,True
tellemthatsme_taskmanagekanbanbolt,65,False,False,False,0.57,136,True,True
tellemthatsme_time-travel-insights-explorer,65,False,False,False,1.0,153,True,True
tellemthatsme_time-travel-tracker-reports,65,False,False,False,1.3,158,True,True
tellemthatsme_time-tunnel-reports,65,False,False,False,1.09,163,True,True
tellemthatsme_tool-stream-ai,65,False,False,False,1.85,211,True,True
tellemthatsme_trace-companion-tool,65,False,False,False,1.37,183,True,True
tellemthatsme_traffic-boost-roundabout,65,False,False,False,2.35,240,True,True
tellemthatsme_truth-timeline,65,False,False,False,1.39,209,True,True
tellemthatsme_ulitimateai,55,False,False,False,0.34,94,True,True
tellemthatsme_ultimateaitoolsbolt,65,False,False,False,0.41,88,True,True
tellemthatsme_ultimatecryptobolt,65,False,False,False,0.4,105,True,True
tellemthatsme_ultimatergithubbolt,65,False,False,False,0.32,96,True,True
tellemthatsme_universal-ai-toolbox,65,False,False,False,1.46,217,True,True
tellemthatsme_v0-ai-project-management-platform,55,False,False,False,0.03,48,True,True
tellemthatsme_v0-aus-ai-workspace,65,False,False,False,0.53,122,True,True
tellemthatsme_v0-browser-extension-features,65,False,False,False,0.33,93,True,True
tellemthatsme_v0-browser-extension-ideas,65,False,False,False,0.49,113,True,True
tellemthatsme_v0-clone,65,False,False,False,3.05,533,True,True
tellemthatsme_v0-combine-projects,65,False,False,False,0.62,139,True,True
tellemthatsme_v0-content-processing-system,65,False,False,False,0.55,121,True,True
tellemthatsme_v0-crypto-mining-dashboard,65,False,False,False,0.37,100,True,True
tellemthatsme_v0-customizable-ai-dashboard,65,False,False,False,0.35,98,True,True
tellemthatsme_v0-marketplace,65,False,False,False,0.41,112,True,True
tellemthatsme_v0-round,75,False,False,True,0.37,140,True,True
tellemthatsme_walpaper,65,False,False,False,0.3,85,True,True
tellemthatsme_web-quad-workspace-vision,65,False,False,False,2.02,200,True,True
tellemthatsme_whitelabelaibolt,65,False,False,False,0.61,135,True,True
tellemthatsme_wiki-weave-ai,65,False,False,False,0.98,167,True,True
tellemthatsme_workspace-ai-automator,65,False,False,False,1.63,193,True,True
tellemthatsme_youware-clone-project,65,False,False,False,0.92,149,True,True
tellemthatsme_z1hackermainbolt,65,False,False,False,1.13,139,True,True
tellemthatsme_z1knowledgebasebolt,65,False,False,False,1.26,124,True,True
tellemthatsme_z1projauditfixbolt,65,False,False,False,0.68,102,True,True
tellemthatsme_zer0onebolt,65,False,False,False,0.78,93,True,True
tellemthatsme_zeroone-private-nexus-50,65,False,False,False,4.27,266,True,True
the-lovable-dev-hub,40,False,False,False,2.25,246,True,False
time-travel-insights-explorer,40,False,False,False,1.0,151,True,False
time-travel-tracker-reports,40,False,False,False,1.3,156,True,False
time-tunnel-reports,40,False,False,False,1.09,161,True,False
tool-stream-ai,40,False,False,False,1.85,209,True,False
top-ai-directories,30,False,False,False,0.04,46,True,False
trace-companion-tool,40,False,False,False,1.37,181,True,False
traffic-boost-roundabout,40,False,False,False,2.35,238,True,False
traffic-roundabout-boost,90,True,True,False,2.26,304,True,True
truth-timeline,40,False,False,False,1.39,207,True,False
ulitimateai,30,False,False,False,0.34,92,True,False
ultimate-agent-system,40,False,False,False,1.24,181,True,False
ultimate-agent-system-1,40,False,False,False,1.12,149,True,False
ultimateaitoolsbolt,40,False,False,False,0.41,86,True,False
ultimatecryptobolt,40,False,False,False,0.39,103,True,False
ultimatergithubbolt,40,False,False,False,0.32,94,True,False
universal-ai-toolbox,40,False,False,False,1.46,215,True,False
v0-ai-assistant-framework,50,False,False,True,1.45,293,True,False
v0-ai-coding-assistants,40,False,False,False,0.44,92,True,False
v0-ai-coding-tools-directory,40,False,False,False,0.44,133,True,False
v0-ai-mission-control,40,False,False,False,0.38,89,True,False
v0-ai-news-dashboard,20,False,False,False,0.58,142,False,False
v0-ai-ops-mission-control,50,False,False,True,2.32,245,True,False
v0-ai-powered-chat-tool,40,False,False,False,0.49,127,True,False
v0-ai-project-management-platform,30,False,False,False,0.03,46,True,False
v0-ai-project-management-tool,40,False,False,False,0.88,173,True,False
v0-ai-tool-list,40,False,False,False,0.75,162,True,False
v0-ai-tools-directory,40,False,False,False,0.43,154,True,False
v0-api-key-manager,50,False,False,True,1.04,214,True,False
v0-aus-ai-workspace,40,False,False,False,0.53,120,True,False
v0-browser-extension-features,40,False,False,False,0.33,91,True,False
v0-browser-extension-ideas,40,False,False,False,0.49,111,True,False
v0-browser-favorites-app,40,False,False,False,0.42,109,True,False
v0-chat-history-organizer,10,False,False,False,0.03,27,False,False
v0-clone,55,False,False,False,3.05,532,True,True
v0-clone-website,40,False,False,False,0.68,153,True,False
v0-combine-projects,40,False,False,False,0.62,137,True,False
v0-comprehensive-content-system,40,False,False,False,0.14,75,True,False
v0-content-processing-system,40,False,False,False,0.55,119,True,False
v0-crypto-mining-dashboard,40,False,False,False,0.37,98,True,False
v0-crypto-trading-platform,40,False,False,False,0.6,158,True,False
v0-customizable-ai-dashboard,40,False,False,False,0.35,96,True,False
v0-iframe-state-preservation,40,False,False,False,0.32,93,True,False
v0-image-analysis,40,False,False,False,0.3,91,True,False
v0-marketplace,40,False,False,False,0.41,110,True,False
v0-music-and-video-platform,40,False,False,False,0.86,157,True,False
v0-prompt-organizer,40,False,False,False,0.42,94,True,False
v0-prompt-os-app-build,40,False,False,False,0.78,187,True,False
v0-prompt-os-dashboard,40,False,False,False,0.97,203,True,False
v0-round,50,False,False,True,0.37,138,True,False
v0-untitled-project,30,False,False,False,0.03,46,True,False
v0-v0-dev-project-management,50,False,False,True,12.99,228,True,False
v0-webui-for-text-analysis,40,False,False,False,1.23,225,True,False
vibecloneemergent,50,False,False,True,0.41,147,True,False
vibelog,65,False,False,False,0.13,59,True,True
vidmuse-studio,40,False,False,False,1.13,148,True,False
voice-coder,65,False,False,False,0.12,56,True,True
voice-coding-assistant,10,False,False,False,0.03,27,False,False
voice-spark-incubator,40,False,False,False,0.82,128,True,False
volo-app,65,False,False,False,2.22,162,True,True
walpaper,50,False,False,False,0.3,84,True,False
web-quad-workspace-vision,40,False,False,False,2.02,198,True,False
whitelabelaibolt,40,False,False,False,0.61,133,True,False
wifi-3d-fusion,75,False,False,True,370.28,3031,True,True
wiki-weave-ai,40,False,False,False,0.97,165,True,False
woods-android-recovery-kit,55,False,False,False,0.45,59,True,True
woodsai69rme_aether-flow-orchestrator,90,True,True,False,1.19,196,True,True
woodsai69rme_agent-nexus,65,False,False,False,1.25,179,True,True
woodsai69rme_agent-orchestrator,65,False,False,False,1.67,221,True,True
woodsai69rme_agentive-ai-discovery-board,90,True,True,False,1.96,290,True,True
woodsai69rme_ai-coder-hub,90,True,True,False,1.51,241,True,True
woodsai69rme_ai-command-center,65,False,False,False,1.37,172,True,True
woodsai69rme_ai-command-center-nexus,65,False,False,False,1.74,220,True,True
woodsai69rme_ai-crypto-trading--monitoring,65,False,False,False,1.2,184,True,True
woodsai69rme_ai-deals-nexus,65,False,False,False,1.03,186,True,True
woodsai69rme_ai-deals-oasis,90,True,True,False,1.52,247,True,True
woodsai69rme_ai-dev-team,65,False,False,False,1.23,165,True,True
woodsai69rme_ai-insight-hub,90,True,True,False,1.62,228,True,True
woodsai69rme_ai-keykeeper,90,True,True,False,1.61,235,True,True
woodsai69rme_ai-money-maker-au,65,False,False,False,1.53,177,True,True
woodsai69rme_ai-nexus-hub,65,False,False,False,1.66,242,True,True
woodsai69rme_ai-nexus-toolkit,65,False,False,False,1.59,239,True,True
woodsai69rme_ai-ops-nexus-hub,65,False,False,False,1.92,259,True,True
woodsai69rme_ai-resource-guardian,90,True,True,False,2.14,259,True,True
woodsai69rme_ai-text-stripper,65,False,False,False,1.39,200,True,True
woodsai69rme_ai-trial-tracker-pro,90,True,True,False,1.05,179,True,True
woodsai69rme_ai-usage-navigator,65,False,False,False,1.92,232,True,True
woodsai69rme_ai-wisdom-vault,65,False,False,False,2.05,225,True,True
woodsai69rme_aiittoolsbolt,65,False,False,False,0.57,115,True,True
woodsai69rme_aiusemaxbolt,65,False,False,False,0.37,93,True,True
woodsai69rme_aiworkspace,65,False,False,False,0.79,108,True,True
woodsai69rme_alpha-ai-crypto-trader,90,True,True,False,2.14,215,True,True
woodsai69rme_alpha-ai-trade-hub,90,True,True,False,2.85,318,True,True
woodsai69rme_antique-vista-verify,90,True,True,False,1.51,216,True,True
woodsai69rme_api-idea-genesis,65,False,False,False,1.46,212,True,True
woodsai69rme_art-echo-creator,65,False,False,False,1.71,218,True,True
woodsai69rme_artspark-nft-haven,90,True,True,False,1.25,209,True,True
woodsai69rme_aud-ai-saver,90,True,True,False,1.43,191,True,True
woodsai69rme_aus-ai-ascend,65,False,False,False,1.35,176,True,True
woodsai69rme_aussie-ai-agency,65,False,False,False,1.62,197,True,True
woodsai69rme_aussie-metal-mayhem-motors,90,True,True,False,5.91,389,True,True
woodsai69rme_auto-researcher-pro,65,False,False,False,1.2,167,True,True
woodsai69rme_auto-synth-ops,65,False,False,False,1.45,164,True,True
woodsai69rme_beacon-clone-trader-dash,65,False,False,False,3.24,432,True,True
woodsai69rme_bolt2,65,False,False,False,0.53,121,True,True
woodsai69rme_boltcrypto,65,False,False,False,0.96,136,True,True
woodsai69rme_boltnew,65,False,False,False,0.76,166,True,True
woodsai69rme_bookmark-buddy-sort,65,False,False,False,1.08,182,True,True
woodsai69rme_bot-bloom-capital,65,False,False,False,1.38,200,True,True
woodsai69rme_branch-buddy-deploy,65,False,False,False,1.53,185,True,True
woodsai69rme_c-2693,90,True,True,False,7.9,267,True,True
woodsai69rme_c-3685,90,True,True,False,3.61,327,True,True
woodsai69rme_c-442780,90,True,True,False,1.17,169,True,True
woodsai69rme_c-692182,65,False,False,False,7.02,210,True,True
woodsai69rme_c-8316,65,False,False,False,3.01,230,True,True
woodsai69rme_c-855294,65,False,False,False,1.24,184,True,True
woodsai69rme_canvas-royale-market,90,True,True,False,1.42,201,True,True
woodsai69rme_charm-clone-assemble-verse,90,True,True,False,1.93,243,True,True
woodsai69rme_chat-spark-organizer,65,False,False,False,1.98,272,True,True
woodsai69rme_chatgpt-file-organizer,65,False,False,False,0.98,152,True,True
woodsai69rme_chatter-connect-analyze-now,65,False,False,False,1.78,217,True,True
woodsai69rme_chrome-and-country-kings,65,False,False,False,1.47,219,True,True
woodsai69rme_claraverse-evolve-ai-nexus,65,False,False,False,2.49,283,True,True
woodsai69rme_claude-code-complete-backup,100,True,True,True,104.56,240,True,True
woodsai69rme_claude-web-clone-magic,65,False,False,False,1.13,163,True,True
woodsai69rme_cloud-companion,90,True,True,False,1.61,232,True,True
woodsai69rme_code-archaeologist-ai-explorer,65,False,False,False,1.62,235,True,True
woodsai69rme_code-archaeologist-ai-forge,90,True,True,False,1.25,181,True,True
woodsai69rme_code-flow-oracle,65,False,False,False,1.66,219,True,True
woodsai69rme_codesnipstripper,55,False,False,False,0.03,48,True,True
woodsai69rme_cognitive-prism-analyzer,65,False,False,False,1.83,216,True,True
woodsai69rme_cogno-control-center,100,True,True,True,1.34,205,True,True
woodsai69rme_coin-alchemy-ai,65,False,False,False,1.16,194,True,True
woodsai69rme_cplatform,65,False,False,False,0.94,204,True,True
woodsai69rme_crypto-ai-hivemind,65,False,False,False,1.9,210,True,True
woodsai69rme_crypto-ai-horizon-dashboard,65,False,False,False,1.02,171,True,True
woodsai69rme_crypto-ai-research--trading-hub,65,False,False,False,1.07,168,True,True
woodsai69rme_crypto-ai-research--trading-hub-1,65,False,False,False,1.03,170,True,True
woodsai69rme_crypto-ai-tradeflow-nexus,90,True,True,False,2.5,257,True,True
woodsai69rme_crypto-ai-trading-platform,65,False,False,False,1.17,199,True,True
woodsai69rme_crypto-all-in-one,90,True,True,False,1.47,207,True,True
woodsai69rme_crypto-automa-pilot,65,False,False,False,2.56,297,True,True
woodsai69rme_crypto-beacon-fusion-hub,90,True,True,False,5.19,581,True,True
woodsai69rme_crypto-beacon-trader-hub-11,90,True,True,False,4.35,721,True,True
woodsai69rme_crypto-cosmos-nexus,65,False,False,False,1.19,167,True,True
woodsai69rme_crypto-dream-trade-sim-11,90,True,True,False,4.58,515,True,True
woodsai69rme_crypto-dream-trade-sim-18,65,False,False,False,3.76,415,True,True
woodsai69rme_crypto-dream-voyage-sim,65,False,False,False,1.02,156,True,True
woodsai69rme_crypto-finder--miner,65,False,False,False,1.41,290,True,True
woodsai69rme_crypto-flow-nexus-ai,90,True,True,False,1.29,210,True,True
woodsai69rme_crypto-forge-master,90,True,True,False,1.76,244,True,True
woodsai69rme_crypto-fusion-genesis,90,True,True,False,1.8,265,True,True
woodsai69rme_crypto-fusion-nexus-flow,65,False,False,False,2.32,253,True,True
woodsai69rme_crypto-fusion-quest,100,True,True,True,1.02,191,True,True
woodsai69rme_crypto-lovable-trader,65,False,False,False,2.5,303,True,True
woodsai69rme_crypto-navigator-ai,65,False,False,False,1.85,193,True,True
woodsai69rme_crypto-nexus-automator,100,True,True,True,1.59,228,True,True
woodsai69rme_crypto-nexus-fusion,90,True,True,False,3.26,320,True,True
woodsai69rme_crypto-nexus-fusion-07,90,True,True,False,4.33,456,True,True
woodsai69rme_crypto-sim-alpha,90,True,True,False,1.27,174,True,True
woodsai69rme_crypto-vision-suite,90,True,True,False,2.65,355,True,True
woodsai69rme_crypto-woods-trader-sim,90,True,True,False,1.53,193,True,True
woodsai69rme_crypto-woods-ulitmate-26,90,True,True,False,4.51,461,True,True
woodsai69rme_cryptoai-trade-commander,65,False,False,False,1.36,184,True,True
woodsai69rme_cryptoai-trade-forge,65,False,False,False,3.45,378,True,True
woodsai69rme_cryptoai-tradeflow-nexus,65,False,False,False,4.22,493,True,True
woodsai69rme_cryptonaut-ai-terminal,65,False,False,False,2.31,264,True,True
woodsai69rme_design-source-hub,90,True,True,False,1.77,205,True,True
woodsai69rme_dev-forge-omni,65,False,False,False,2.11,200,True,True
woodsai69rme_dev-plan-nexus,90,True,True,False,1.26,178,True,True
woodsai69rme_digest-email-forge,65,False,False,False,1.43,200,True,True
woodsai69rme_digital-trading-flow,65,False,False,False,2.9,339,True,True
woodsai69rme_directorybolt,65,False,False,False,0.25,78,True,True
woodsai69rme_docu-prime,65,False,False,False,1.05,158,True,True
woodsai69rme_dream-trade-adventures-club,65,False,False,False,2.47,258,True,True
woodsai69rme_dream-trade-forge,65,False,False,False,1.38,175,True,True
woodsai69rme_echo-chamber-of-wisdom,65,False,False,False,0.98,172,True,True
woodsai69rme_engine-craft-games,65,False,False,False,1.03,167,True,True
woodsai69rme_ethosai-moral-compass-agent,65,False,False,False,1.48,187,True,True
woodsai69rme_evermind-enterprise-ai,90,True,True,False,1.1,181,True,True
woodsai69rme_fast-video-studio,65,False,False,False,1.22,156,True,True
woodsai69rme_favorite-flow-dashboard,65,False,False,False,1.16,161,True,True
woodsai69rme_find-your-funds,65,False,False,False,1.14,163,True,True
woodsai69rme_firefox-fav-flow,90,True,True,False,1.35,198,True,True
woodsai69rme_freebie-ai-optimiser,100,True,True,True,1.83,234,True,True
woodsai69rme_freecrypto,65,False,False,False,0.5,142,True,True
woodsai69rme_fusion-trading-vision,90,True,True,False,4.86,530,True,True
woodsai69rme_fusion-trading-vision-38,90,True,True,False,3.31,428,True,True
woodsai69rme_fusion-trading-vision-42,65,False,False,False,3.32,360,True,True
woodsai69rme_g-8461,90,True,True,False,3.92,196,True,True
woodsai69rme_gamedevforusers,65,False,False,False,1.84,194,True,True
woodsai69rme_gemcopilot-media-scribe,65,False,False,False,1.21,194,True,True
woodsai69rme_github-insights-hub,65,False,False,False,2.33,329,True,True
woodsai69rme_gvie-launchpad,65,False,False,False,1.19,156,True,True
woodsai69rme_hackrfv0,65,False,False,False,0.44,91,True,True
woodsai69rme_idea-ace-showdown-wins,90,True,True,False,1.16,199,True,True
woodsai69rme_idea-fusion-alchemy,90,True,True,False,1.22,180,True,True
woodsai69rme_inferno-project-pulse-forge,90,True,True,False,1.36,206,True,True
woodsai69rme_insight-engine-buddy,100,True,True,True,1.07,165,True,True
woodsai69rme_instant-code-smith,65,False,False,False,1.49,190,True,True
woodsai69rme_intel-agent-grid,65,False,False,False,0.82,130,True,True
woodsai69rme_junior-clone,65,False,False,False,2.35,154,True,True
woodsai69rme_karma-intel-hub,65,False,False,False,1.19,157,True,True
woodsai69rme_keno-ai-fortune,65,False,False,False,1.26,175,True,True
woodsai69rme_keno-oracle-elite-picks,90,True,True,False,1.39,181,True,True
woodsai69rme_link-locker-organizer,65,False,False,False,1.38,170,True,True
woodsai69rme_local-ai-alchemy-lab,65,False,False,False,1.67,216,True,True
woodsai69rme_local-ai-deployer,90,True,True,False,1.55,208,True,True
woodsai69rme_lovable-ai-companion,65,False,False,False,1.55,214,True,True
woodsai69rme_lovable-complex-ideas,65,False,False,False,1.32,191,True,True
woodsai69rme_lovable-evolved-fusion-core,65,False,False,False,2.89,376,True,True
woodsai69rme_lovable-fusion-spark,90,True,True,False,1.81,219,True,True
woodsai69rme_lovable-idea-nexus,65,False,False,False,1.25,195,True,True
woodsai69rme_lovable-project-merger,100,True,True,True,1.25,207,True,True
woodsai69rme_lovable-task-board-magic,65,False,False,False,1.28,163,True,True
woodsai69rme_love-bolt-clone-magic,90,True,True,False,1.58,245,True,True
woodsai69rme_love-db-quest,65,False,False,False,1.16,159,True,True
woodsai69rme_lovebolt-zero-clone,90,True,True,False,1.31,189,True,True
woodsai69rme_lovely-web-clone,90,True,True,False,2.02,242,True,True
woodsai69rme_lovestruck-crypto-nexus,90,True,True,False,2.87,378,True,True
woodsai69rme_loving-bolt-vortex-clone,65,False,False,False,1.23,185,True,True
woodsai69rme_marvel-ai-trading-hub,65,False,False,False,1.82,268,True,True
woodsai69rme_marvel-ai-trading-hub-14,65,False,False,False,3.07,426,True,True
woodsai69rme_marvel-ai-trading-hub-53,65,False,False,False,2.62,313,True,True
woodsai69rme_marvelaitradebolt,65,False,False,False,0.72,120,True,True
woodsai69rme_marvelpokemoncards,65,False,False,False,0.84,106,True,True
woodsai69rme_mimic-youware-clone,65,False,False,False,1.34,214,True,True
woodsai69rme_mind-weaver,65,False,False,False,1.39,195,True,True
woodsai69rme_moneymaker-ai-quest,65,False,False,False,1.68,197,True,True
woodsai69rme_muse-master-dashboard,65,False,False,False,1.33,182,True,True
woodsai69rme_ndis-assistant-ai,65,False,False,False,1.56,175,True,True
woodsai69rme_ndis-flow,65,False,False,False,1.39,177,True,True
woodsai69rme_nebula-weave,65,False,False,False,1.29,199,True,True
woodsai69rme_newcrypto,90,True,True,False,1.4,161,True,True
woodsai69rme_nifty-quest-ai,90,True,True,False,1.39,222,True,True
woodsai69rme_note-scribe-echo,100,True,True,True,1.23,192,True,True
woodsai69rme_omni-ai-enterprise-bot,90,True,True,False,0.97,167,True,True
woodsai69rme_openclaw-hub,65,False,False,False,1.6,210,True,True
woodsai69rme_opstart-glimpse-demo,100,True,True,True,1.15,221,True,True
woodsai69rme_orchids-ai-development-control-system,65,False,False,False,1.58,275,True,True
woodsai69rme_phantom-profit-platform,90,True,True,False,1.38,192,True,True
woodsai69rme_phoenix-repo-revival,65,False,False,False,1.6,222,True,True
woodsai69rme_plant-path-eye-diagnose,65,False,False,False,1.06,185,True,True
woodsai69rme_poke-monopoly-ai-hub,65,False,False,False,1.66,254,True,True
woodsai69rme_pretty-charts-ui,65,False,False,False,1.12,197,True,True
woodsai69rme_profile-detective-seeker,100,True,True,True,1.83,253,True,True
woodsai69rme_project-brain-forge,90,True,True,False,2.15,271,True,True
woodsai69rme_project-brain-hub,65,False,False,False,1.47,210,True,True
woodsai69rme_project-heartbeat-dashboard,65,False,False,False,1.18,193,True,True
woodsai69rme_project-nexus,100,True,True,True,1.58,207,True,True
woodsai69rme_project-nexus-insight,65,False,False,False,1.7,208,True,True
woodsai69rme_project-pal-dashboard-hub,90,True,True,False,1.07,197,True,True
woodsai69rme_project-phoenix-rise,65,False,False,False,1.52,202,True,True
woodsai69rme_projectmanagementbolt,65,False,False,False,0.83,106,True,True
woodsai69rme_prompt-bloom-harvest,65,False,False,False,1.86,249,True,True
woodsai69rme_prompt-galaxy-weaver,65,False,False,False,1.38,223,True,True
woodsai69rme_prompt-hologram-forge,90,True,True,False,1.35,184,True,True
woodsai69rme_prompt-playground,65,False,False,False,2.09,222,True,True
woodsai69rme_prompt-pulse-ai-hub,65,False,False,False,1.27,196,True,True
woodsai69rme_prompt-the-future,65,False,False,False,1.25,176,True,True
woodsai69rme_quad-view-browser-nexus,65,False,False,False,3.31,230,True,True
woodsai69rme_quad-view-navigator,65,False,False,False,1.36,175,True,True
woodsai69rme_quadro-view-nexus,90,True,True,False,2.46,269,True,True
woodsai69rme_quant-alpha-nexus,65,False,False,False,2.15,261,True,True
woodsai69rme_reason-detective-bot,65,False,False,False,1.8,233,True,True
woodsai69rme_remix-of-muse-master-dashboard,65,False,False,False,1.34,169,True,True
woodsai69rme_replit-ready,90,True,True,False,1.46,231,True,True
woodsai69rme_repo-valuation-hub,90,True,True,False,1.39,216,True,True
woodsai69rme_repo-wizard-forge,90,True,True,False,2.36,324,True,True
woodsai69rme_rhythm-project-board,65,False,False,False,0.91,170,True,True
woodsai69rme_rhythm-project-board-58a6bd4e,65,False,False,False,0.91,170,True,True
woodsai69rme_roundaboutbolt,65,False,False,False,0.99,133,True,True
woodsai69rme_score-a-soulmate,65,False,False,False,1.24,152,True,True
woodsai69rme_scrape-smart-guide,90,True,True,False,1.73,207,True,True
woodsai69rme_simple-notepad,65,False,False,False,1.09,136,True,True
woodsai69rme_skywork-portal,65,False,False,False,1.32,167,True,True
woodsai69rme_smart-ai-buddy,100,True,True,True,1.79,236,True,True
woodsai69rme_smart-research-box,65,False,False,False,1.2,157,True,True
woodsai69rme_soulgpt-emotional-echo,65,False,False,False,1.21,199,True,True
woodsai69rme_spare-change-futures,90,True,True,False,0.96,157,True,True
woodsai69rme_starforge-galaxy-clone,65,False,False,False,1.12,162,True,True
woodsai69rme_startup-scout-ai,65,False,False,False,1.19,154,True,True
woodsai69rme_stellar-ai-creator-99493,65,False,False,False,1.72,194,True,True
woodsai69rme_stellar-web-showcase-32,65,False,False,False,1.01,153,True,True
woodsai69rme_strategy-flow-station,90,True,True,False,2.54,290,True,True
woodsai69rme_super-woods-coach-ai,100,True,True,True,1.28,194,True,True
woodsai69rme_super-woods-fire-forge,90,True,True,False,1.99,241,True,True
woodsai69rme_SuperClaude,65,False,False,False,0.61,116,True,True
woodsai69rme_synapse-ai-curator,90,True,True,False,1.03,166,True,True
woodsai69rme_synapse-spark-project,65,False,False,False,0.93,148,True,True
woodsai69rme_tab-flow-scheduler,65,False,False,False,1.44,190,True,True
woodsai69rme_tab-time-pilot-pro,65,False,False,False,1.15,163,True,True
woodsai69rme_tell-me-that-clone,65,False,False,False,1.85,256,True,True
woodsai69rme_tempo-tab-master,65,False,False,False,1.0,162,True,True
woodsai69rme_trading-fusion-vision,100,True,True,True,1.26,215,True,True
woodsai69rme_trading-insight-sphere,65,False,False,False,1.18,164,True,True
woodsai69rme_trading-strategy-nexus,100,True,True,True,1.51,214,True,True
woodsai69rme_trading-vision-forge,65,False,False,False,1.28,212,True,True
woodsai69rme_traffic-circle-social-boost,90,True,True,False,1.98,249,True,True
woodsai69rme_trial-guardian-dashboard,65,False,False,False,1.72,243,True,True
woodsai69rme_truth-scribe-api,65,False,False,False,1.05,156,True,True
woodsai69rme_ui-source-gatherer,90,True,True,False,1.64,217,True,True
woodsai69rme_ultimate-earning-app,65,False,False,False,1.22,170,True,True
woodsai69rme_ultimate-hacking-platform,65,False,False,False,1.48,211,True,True
woodsai69rme_ultimatettoolsnautobolt,65,False,False,False,0.62,108,True,True
woodsai69rme_universal-mobile-unlock-suite,65,False,False,False,1.16,170,True,True
woodsai69rme_v0-ai-agent-army-refactor,75,False,False,True,0.6,173,True,True
woodsai69rme_v0-ai-development-control,65,False,False,False,0.33,98,True,True
woodsai69rme_v0-creator-os-clone,65,False,False,False,0.29,90,True,True
woodsai69rme_v0-crypto-ai-dashboard,65,False,False,False,0.45,157,True,True
woodsai69rme_v0-crypto-nft-ai-ecosystem,65,False,False,False,0.4,132,True,True
woodsai69rme_v0-modern-cryptocurrency-platform,65,False,False,False,0.64,172,True,True
woodsai69rme_v0-music-recreation-tool,65,False,False,False,0.4,151,True,True
woodsai69rme_v0-ultimate-crypto-platform,65,False,False,False,4.91,133,True,True
woodsai69rme_v0-untitled-project,65,False,False,False,0.64,122,True,True
woodsai69rme_vidmuse-studio,65,False,False,False,1.42,189,True,True
woodsai69rme_visionforge-studio,65,False,False,False,1.2,165,True,True
woodsai69rme_web-analyst-mirror,90,True,True,False,1.42,185,True,True
woodsai69rme_web-quadrant-viewer,65,False,False,False,1.43,184,True,True
woodsai69rme_webscrapebolt,90,True,True,False,0.88,92,True,True
woodsai69rme_webscraperbolt,65,False,False,False,0.84,124,True,True
woodsai69rme_woodsempirebolt,65,False,False,False,0.52,83,True,True
woodsai69rme_woodsworking,75,False,False,True,1.17,160,True,True
woodsai69rme_your-ai-guide,65,False,False,False,1.13,130,True,True
woodsai69rme_zeroone-autonomy-forge,90,True,True,False,1.48,244,True,True
woodsai69rme_zeroone-private-nexus,90,True,True,False,5.15,359,True,True
woodsai69rme_zeroonebolt,65,False,False,False,0.32,83,True,True
workspace-ai-automator,40,False,False,False,1.63,191,True,False
WorldView,90,True,True,False,105.11,531,True,True
Youtube-playlist-to-formatted-text,65,False,False,False,2.41,62,True,True
youware-clone-project,40,False,False,False,0.92,147,True,False
youware-fullscreen-clone,40,False,False,False,0.99,171,True,False
z1hackermainbolt,40,False,False,False,1.12,137,True,False
z1knowledgebasebolt,40,False,False,False,1.26,122,True,False
z1projauditfixbolt,50,False,False,False,0.68,101,True,False
zer01bolt,10,False,False,False,0.03,27,False,False
zer0onebolt,40,False,False,False,0.77,91,True,False
ZerePy,65,False,False,False,0.21,69,True,True
zeronev0,40,False,False,False,0.52,138,True,False
zeroone-private-nexus-50,40,False,False,False,4.26,264,True,False
zeroonebolt,10,False,False,False,0.03,27,False,False
